Open,O1,H1,L1,V1,O2,H2,L2,V2,O3,H3,L3,V3
199.2,200.85,201.0,198.44,20543190.0,198.68,200.74,198.18,21654750.0,200.32,202.85,199.23,35738280.0
107.41,107.39,107.88,106.68,25001730.0,108.57,108.75,107.68,23606240.0,108.59,109.32,108.53,21236850.0
185.42,185.26,186.41,184.28,16543880.0,187.79,187.95,183.54,13954810.0,183.82,187.3,183.42,17675210.0
190.02,186.23,189.49,184.73,31003380.0,188.35,188.99,185.92,31440300.0,185.8,188.39,185.79,26148590.0
113.84,113.29,115.0,112.49,26176690.0,112.31,114.7,112.31,34324350.0,110.86,112.43,110.6,27049830.0
262.59,263.69,264.01,261.18,30348780.0,265.54,266.08,260.4,26609920.0,267.9,268.0,265.39,19069600.0
218.55,221.03,222.49,217.19,31434370.0,218.95,219.84,217.65,19419650.0,221.38,222.56,217.47,57977090.0
173.91,172.37,174.99,171.72,34770480.0,174.0,174.26,171.12,59332210.0,167.64,168.5,165.28,39668100.0
202.45,203.31,204.39,201.71,20191840.0,201.85,203.73,201.56,17897140.0,199.2,201.51,198.81,20578020.0
117.95,116.78,118.16,116.47,31714820.0,115.92,116.86,115.81,22115100.0,115.85,116.51,115.75,21081620.0
206.05,209.32,209.5,206.76,25525650.0,208.0,209.25,207.07,25396100.0,207.03,208.74,205.48,33408050.0
101.91,102.24,102.28,101.5,27368840.0,101.41,102.24,100.15,33490630.0,101.31,101.58,100.27,27148530.0
96.0,103.91,105.3,103.91,52979780.0,105.0,105.65,104.51,27997990.0,105.01,106.48,104.62,33655810.0
203.17,198.68,199.5,197.05,31110640.0,200.29,201.57,199.57,20899720.0,197.77,200.99,197.35,26067510.0
121.11,121.85,122.69,120.18,39483400.0,123.13,123.82,121.62,44829060.0,120.79,123.49,120.7,45479260.0
167.41,166.96,168.98,165.93,32644590.0,166.11,169.0,164.56,40613260.0,163.25,166.15,160.23,60800480.0
109.1,109.63,110.23,109.21,33754680.0,108.14,109.54,108.08,25704330.0,107.78,108.44,107.78,18648700.0
149.89,153.75,153.99,147.3,32429770.0,153.35,153.93,153.06,15649120.0,151.8,153.84,151.8,18798250.0
154.34,153.58,155.45,152.89,27715140.0,153.17,153.33,152.22,16383610.0,153.97,154.17,152.38,24452750.0
188.77,186.35,188.5,185.76,19966590.0,188.38,188.88,186.78,15228270.0,188.0,189.27,186.91,18383080.0
365.0,364.0,372.38,362.27,53038870.0,351.34,359.46,351.15,33861320.0,354.64,356.56,345.15,66118950.0
193.25,191.09,194.46,191.05,22727370.0,191.64,191.68,188.38,27308200.0,189.83,190.08,188.54,23524830.0
174.55,174.35,175.61,173.93,20523870.0,173.44,175.37,173.05,23589930.0,172.54,173.47,172.08,22342650.0
160.42,159.78,160.87,159.23,18969700.0,157.9,160.0,157.65,24093300.0,156.73,157.28,156.41,16367780.0
205.79,204.0,205.88,203.7,18582160.0,204.05,205.09,203.27,14107450.0,204.59,206.11,203.5,16866820.0
110.12,109.72,110.54,109.66,28310840.0,109.81,110.35,108.83,27623150.0,106.7,110.23,106.6,58724080.0
282.23,279.5,281.18,278.95,24626950.0,279.8,281.9,279.12,29024690.0,279.57,281.77,278.8,28575800.0
201.02,199.62,202.05,199.15,22481890.0,201.3,202.76,199.29,24619750.0,200.2,203.53,199.39,27009520.0
116.1,116.43,117.44,116.01,34525630.0,116.04,117.65,115.5,40827260.0,114.32,116.31,114.01,42876370.0
117.42,121.5,122.57,117.52,69639900.0,122.6,122.64,120.91,42832890.0,122.32,122.57,121.71,33400950.0
97.32,98.69,99.12,97.1,37708360.0,98.53,99.35,98.48,31672220.0,98.5,99.99,98.46,26575570.0
110.8,111.78,112.0,110.53,38794930.0,110.93,112.1,110.49,37622200.0,111.29,111.52,109.56,44434220.0
282.28,257.26,278.41,256.37,106721200.0,281.1,286.0,272.96,80151380.0,286.53,297.88,286.5,49678430.0
204.43,202.83,204.94,202.34,17841920.0,203.12,204.15,202.52,24185530.0,199.54,203.38,198.61,28865310.0
210.16,208.5,209.32,206.66,21007650.0,204.1,205.72,203.32,15957630.0,207.86,208.55,203.53,25897340.0
100.51,97.65,100.77,97.42,50303500.0,96.86,98.23,96.65,35131460.0,97.2,98.02,96.58,28949760.0
143.6,143.73,144.18,143.27,16658660.0,144.29,144.52,143.45,21131040.0,144.22,145.46,143.81,27649500.0
176.35,173.67,175.65,173.54,33772050.0,171.8,173.95,171.71,30953760.0,172.83,174.12,171.01,37378070.0
111.6,110.78,112.03,110.07,28507780.0,111.43,112.47,111.39,27054320.0,111.13,111.87,110.95,11475920.0
107.28,108.91,109.52,105.81,96197190.0,112.02,112.25,108.98,44654830.0,111.07,111.99,108.8,56157370.0
163.09,154.83,163.72,154.0,68171940.0,159.1,163.88,156.0,72215320.0,166.0,166.8,160.1,85957050.0
173.21,173.71,175.3,173.17,16991610.0,174.16,175.87,173.95,21846400.0,171.58,173.0,171.38,18890250.0
186.41,187.71,189.48,182.85,57430620.0,197.42,198.85,192.77,41208710.0,200.4,201.68,196.66,34908610.0
174.94,177.91,178.25,176.13,23273160.0,175.21,177.74,174.52,27825140.0,172.8,176.3,172.45,38426060.0
116.7,114.33,115.5,114.1,41430660.0,114.0,115.58,113.7,42276880.0,111.34,114.17,110.82,48929200.0
203.12,199.54,203.38,198.61,28865310.0,199.46,201.37,198.56,25668330.0,198.58,199.85,198.01,17524150.0
139.85,142.11,142.8,139.73,39461130.0,140.4,141.5,140.23,21258100.0,141.0,141.0,139.89,43700570.0
101.41,101.31,101.58,100.27,27148530.0,100.78,101.76,100.4,31538710.0,102.39,102.83,100.96,35890740.0
145.74,155.19,155.19,146.02,64782910.0,155.25,155.54,154.4,21144040.0,155.02,155.98,154.48,21017560.0
211.75,209.22,210.74,208.33,28595230.0,210.16,210.56,208.26,20679270.0,207.7,210.95,207.7,25864510.0
108.01,109.07,109.62,107.31,63849470.0,110.17,111.54,108.73,66300930.0,112.83,113.51,107.86,73230280.0
247.24,244.76,245.3,241.21,31130520.0,248.97,249.75,242.57,35709870.0,247.42,249.25,246.72,24143240.0
110.93,111.29,111.52,109.56,44434220.0,110.82,112.45,110.68,32970790.0,112.73,112.75,111.44,30386830.0
98.69,98.53,99.35,98.48,31672220.0,98.5,99.99,98.46,26575570.0,99.02,99.56,98.68,20839950.0
158.5,157.07,157.89,150.24,70583530.0,160.29,161.0,155.03,54145930.0,163.09,163.4,159.07,51467440.0
116.43,116.04,117.65,115.5,40827260.0,114.32,116.31,114.01,42876370.0,116.04,116.4,114.54,48407640.0
176.18,174.59,175.49,174.49,18653380.0,173.16,174.3,173.0,23751690.0,174.55,175.06,173.41,21532200.0
225.46,223.64,227.27,222.25,26656630.0,222.21,224.8,220.2,28784550.0,227.96,228.41,220.58,33507770.0
110.0,109.17,110.09,108.85,26481320.0,110.37,110.94,109.03,37034520.0,111.6,112.2,110.27,36151450.0
93.37,94.0,94.07,92.68,35850220.0,95.2,95.9,93.82,40984160.0,94.2,95.74,93.68,56770080.0
98.53,98.5,99.99,98.46,26575570.0,99.02,99.56,98.68,20839950.0,99.25,99.87,98.96,22378380.0
105.58,104.81,105.84,104.77,30148360.0,106.05,106.07,104.0,33770220.0,104.41,106.15,104.41,38018910.0
191.64,189.83,190.08,188.54,23524830.0,188.95,189.56,187.53,20710390.0,188.75,189.76,186.55,29771210.0
101.52,98.63,101.46,98.37,65648660.0,97.06,97.88,94.94,52099200.0,95.1,98.19,93.42,72274300.0
139.3,138.85,139.43,138.82,17048800.0,139.25,139.36,138.64,19578920.0,138.74,138.79,137.05,22117750.0
169.0,170.49,172.57,169.55,31754210.0,170.4,171.92,169.02,35474680.0,171.66,171.79,167.0,45968040.0
175.21,172.8,176.3,172.45,38426060.0,178.54,179.78,172.66,48706170.0,179.26,180.62,178.05,37568080.0
220.54,220.0,220.94,218.83,19088310.0,218.55,221.5,217.14,22481010.0,221.03,222.49,217.19,31434370.0
169.95,170.43,172.14,168.44,41484540.0,172.63,172.92,167.16,41459120.0,174.3,174.87,171.86,26387240.0
102.61,107.01,107.03,104.82,40885480.0,108.58,108.7,107.18,25184090.0,106.96,109.43,106.86,30912260.0
187.25,186.35,187.2,185.73,20490090.0,185.14,186.33,183.45,33538550.0,187.88,189.22,187.2,18458410.0
160.5,160.86,161.15,158.53,28411740.0,162.09,162.24,160.36,21905160.0,162.71,162.99,160.52,21610300.0
162.62,165.67,166.33,161.22,33674960.0,166.84,166.92,164.09,36396590.0,170.6,171.22,165.43,65270950.0
179.1,176.35,179.39,176.21,37353670.0,173.67,175.65,173.54,33772050.0,171.8,173.95,171.71,30953760.0
170.52,171.0,171.85,170.48,16412270.0,170.1,170.78,169.71,21477380.0,170.8,171.47,169.68,33113340.0
100.78,102.39,102.83,100.96,35890740.0,102.37,103.75,101.37,46026600.0,100.58,101.71,100.45,36884490.0
207.67,208.46,208.91,207.29,18355210.0,203.65,207.23,203.61,22277930.0,205.79,206.5,202.36,20929310.0
143.66,143.78,144.5,142.2,50264540.0,143.32,144.48,142.21,31642900.0,147.5,147.5,143.84,31454590.0
218.06,217.86,219.74,213.0,32389280.0,222.3,222.64,219.34,22692880.0,218.93,222.99,216.76,28802550.0
92.9,93.0,93.05,91.5,45595680.0,92.91,94.66,92.65,75219710.0,95.94,96.29,95.25,32042290.0
162.09,162.71,162.99,160.52,21610300.0,163.75,164.25,160.56,29491910.0,164.8,164.94,163.63,16564340.0
268.7,262.74,267.37,261.23,42223820.0,270.8,271.7,259.0,50721830.0,250.9,263.11,249.38,50455070.0
332.14,330.25,333.6,327.32,23913630.0,323.35,331.75,323.23,34312550.0,324.39,325.62,320.78,21890090.0
218.43,223.06,223.58,217.93,35767260.0,225.07,228.22,224.2,36187160.0,220.9,224.58,220.79,26318580.0
116.04,112.53,115.42,109.63,101593400.0,117.81,118.18,113.33,96820670.0,116.53,119.99,116.53,54851010.0
164.8,163.64,164.52,163.48,26729940.0,163.8,163.89,162.61,27215770.0,160.1,163.12,160.0,29451050.0
216.42,208.76,210.16,207.31,33935720.0,208.46,210.64,208.44,21673390.0,207.48,209.73,207.14,17618870.0
106.05,104.41,106.15,104.41,38018910.0,104.19,104.55,103.68,27697970.0,102.83,104.45,102.82,38771840.0
317.92,318.58,319.99,317.31,25458120.0,317.19,319.02,316.0,27710810.0,316.27,318.74,315.0,34454120.0
200.4,201.9,205.34,201.75,26339500.0,205.88,207.42,200.83,38763700.0,204.29,208.84,203.5,32443110.0
265.54,267.9,268.0,265.39,19069600.0,265.8,267.43,264.23,21700900.0,263.68,265.78,263.01,25093670.0
297.26,318.62,320.45,310.5,32426420.0,322.63,324.65,318.21,25141490.0,320.0,324.57,320.0,23495990.0
114.42,114.35,114.94,114.0,31048170.0,113.85,113.99,112.44,35951900.0,113.05,114.12,112.51,34494150.0
178.92,180.2,182.14,178.62,23714690.0,179.8,180.54,177.81,36529740.0,184.66,185.71,182.55,29748560.0
111.43,111.13,111.87,110.95,11475920.0,111.36,111.51,110.33,27420550.0,111.95,112.42,111.4,25931710.0
376.72,375.41,378.62,372.23,28106110.0,370.0,375.78,369.87,29663910.0,367.85,370.47,363.64,28510370.0
107.83,107.9,108.3,107.51,26645130.0,107.7,108.0,106.82,26393770.0,106.14,106.8,105.62,26675250.0
147.16,145.74,146.09,142.51,72187710.0,155.19,155.19,146.02,64782910.0,155.25,155.54,154.4,21144040.0
145.52,146.87,146.87,144.94,24877950.0,143.66,146.74,143.66,32203640.0,143.78,144.5,142.2,50264540.0
221.85,226.23,227.35,221.3,34121240.0,228.99,229.67,225.1,33290830.0,228.41,229.18,226.63,27363960.0
185.8,184.85,187.33,183.74,39017490.0,183.9,184.1,182.56,23527660.0,182.25,183.3,180.92,30929740.0
130.97,129.08,129.62,128.31,45970470.0,127.74,128.57,127.35,35987630.0,125.72,127.15,125.58,33559770.0
99.02,99.6,100.4,98.82,42268040.0,99.44,100.47,99.25,36299460.0,99.68,100.73,98.64,56293490.0
220.0,224.8,226.42,222.86,32226670.0,218.07,223.71,217.73,44289650.0,213.86,216.78,211.71,31777930.0
277.14,263.75,278.09,263.0,71686210.0,282.0,290.82,281.23,56544250.0,295.52,299.55,291.41,46893220.0
108.91,112.02,112.25,108.98,44654830.0,111.07,111.99,108.8,56157370.0,111.94,112.8,110.35,53168580.0
320.75,317.75,322.35,317.21,20254650.0,319.25,321.15,316.47,38399530.0,316.77,323.44,315.63,33449100.0
218.07,213.86,216.78,211.71,31777930.0,214.84,216.44,211.07,27309400.0,214.05,214.42,212.51,19362290.0
131.35,130.54,132.09,130.45,38158410.0,129.13,130.5,128.9,26784530.0,128.31,129.19,128.16,24460160.0
187.74,186.55,187.4,185.22,23141260.0,184.99,186.22,183.67,28053230.0,185.18,187.67,184.75,42557530.0
315.77,318.66,320.89,315.87,25672210.0,316.68,319.52,316.2,27876220.0,315.03,318.52,313.01,25432390.0
95.92,94.29,95.94,93.93,44282560.0,93.13,95.7,93.04,53920550.0,96.52,96.92,93.69,46315620.0
221.0,219.75,222.82,219.7,22811140.0,216.82,221.26,216.63,27581270.0,220.78,221.36,217.29,95584080.0
247.18,247.39,252.84,242.61,67964260.0,239.77,250.0,237.12,75058410.0,247.51,257.61,238.4,81013970.0
171.25,169.71,171.26,169.38,21785180.0,171.39,172.48,169.92,22389660.0,170.1,171.0,169.7,22224400.0
317.75,319.25,321.15,316.47,38399530.0,316.77,323.44,315.63,33449100.0,316.14,318.71,313.09,28236270.0
316.68,315.03,318.52,313.01,25432390.0,313.17,316.5,310.32,33843130.0,300.35,307.9,300.21,41587090.0
163.64,163.8,163.89,162.61,27215770.0,160.1,163.12,160.0,29451050.0,160.14,162.0,159.93,25649890.0
319.25,316.77,323.44,315.63,33449100.0,316.14,318.71,313.09,28236270.0,323.5,324.24,316.5,31380450.0
180.95,184.46,184.94,181.21,40537700.0,180.29,180.33,177.03,39424260.0,182.66,182.8,177.7,41523580.0
139.06,139.37,139.77,138.6,21229890.0,138.78,139.83,138.59,21555370.0,140.0,140.28,138.76,26170690.0
107.52,106.27,107.65,106.18,39546610.0,105.58,106.0,105.28,26781730.0,104.81,105.84,104.77,30148360.0
143.71,143.72,144.27,143.01,19576480.0,144.19,144.5,143.5,21189000.0,143.68,144.49,143.19,29174040.0
177.96,175.48,177.12,175.07,24518850.0,174.94,175.85,174.27,31686450.0,177.91,178.25,176.13,23273160.0
118.75,117.99,119.41,117.75,38063130.0,118.29,118.41,117.6,13046450.0,119.21,119.23,117.92,21341960.0
265.58,266.94,267.16,262.5,26334880.0,262.71,266.44,262.52,21029520.0,262.59,263.18,260.84,16331260.0
173.36,170.78,173.7,170.78,25047130.0,170.29,170.56,169.56,16041550.0,171.04,171.39,169.64,21884010.0
219.01,217.15,218.74,216.33,20400770.0,216.6,216.9,215.11,18457720.0,214.65,217.05,214.6,18505780.0
117.95,117.1,117.74,117.0,23492650.0,116.81,116.91,116.28,22527690.0,116.86,117.38,116.33,24100150.0
170.43,172.63,172.92,167.16,41459120.0,174.3,174.87,171.86,26387240.0,175.05,175.08,173.34,20591090.0
203.65,205.79,206.5,202.36,20929310.0,204.0,205.88,203.7,18582160.0,204.05,205.09,203.27,14107450.0
177.32,178.65,179.12,177.62,38313330.0,178.5,180.24,178.07,22676520.0,180.32,180.52,177.81,29334630.0
170.8,174.68,175.42,174.5,16339690.0,174.17,176.02,174.1,20848660.0,174.87,175.42,173.25,23451420.0
111.13,111.36,111.51,110.33,27420550.0,111.95,112.42,111.4,25931710.0,110.12,111.99,110.01,29164190.0
199.13,190.3,192.14,189.34,37847260.0,191.9,192.2,189.07,20912890.0,194.99,195.19,190.1,23975350.0
174.16,171.58,173.0,171.38,18890250.0,171.8,172.37,170.3,17154540.0,171.19,173.32,170.99,25323890.0
119.21,117.33,119.35,117.12,42747950.0,119.27,119.73,117.34,32445680.0,119.2,119.92,118.85,34135230.0
204.09,202.45,204.0,202.2,17595210.0,203.31,204.39,201.71,20191840.0,201.85,203.73,201.56,17897140.0
191.78,189.69,192.55,189.69,20182050.0,191.78,191.8,189.93,16365720.0,189.75,191.87,189.2,15515000.0
92.72,93.48,93.57,92.46,28641180.0,93.33,93.57,92.11,33653020.0,93.0,93.77,92.59,32895650.0
95.42,96.47,96.71,95.4,40814360.0,94.79,97.34,94.35,64332440.0,93.79,94.52,92.39,55622370.0
191.08,189.53,191.41,189.31,18000180.0,188.5,189.78,187.61,18776390.0,190.71,191.28,190.18,15801370.0
143.72,144.19,144.5,143.5,21189000.0,143.68,144.49,143.19,29174040.0,140.91,144.04,140.62,33348400.0
107.39,108.57,108.75,107.68,23606240.0,108.59,109.32,108.53,21236850.0,108.86,109.1,107.85,25784420.0
108.23,107.52,108.37,107.16,28010430.0,106.27,107.65,106.18,39546610.0,105.58,106.0,105.28,26781730.0
182.59,180.29,182.39,180.21,32191070.0,177.96,180.0,177.39,32130360.0,175.48,177.12,175.07,24518850.0
166.0,165.38,167.53,164.39,33753490.0,165.45,168.35,162.73,43250420.0,169.0,169.08,165.28,40620360.0
153.89,153.8,154.72,153.54,25402270.0,151.78,153.92,151.69,35907770.0,149.99,151.83,149.16,44366140.0
155.8,157.9,158.26,153.83,52126240.0,159.51,159.77,158.44,20565620.0,160.11,160.5,158.0,28157630.0
200.32,196.42,200.23,196.34,25829880.0,196.45,197.1,195.93,18473070.0,194.79,196.37,193.14,19090050.0
155.25,155.02,155.98,154.48,21017560.0,153.9,155.81,153.78,26591850.0,154.34,154.45,153.46,25277680.0
107.27,107.4,107.72,106.45,32728460.0,107.28,107.37,105.57,47507230.0,108.91,109.52,105.81,96197190.0
114.35,113.85,113.99,112.44,35951900.0,113.05,114.12,112.51,34494150.0,115.19,116.18,113.25,46937190.0
139.41,139.3,139.65,138.84,15281850.0,138.85,139.43,138.82,17048800.0,139.25,139.36,138.64,19578920.0
220.15,219.01,220.54,218.92,22751390.0,217.15,218.74,216.33,20400770.0,216.6,216.9,215.11,18457720.0
115.19,115.12,116.13,114.04,79763890.0,113.86,115.73,113.49,90398170.0,108.73,113.03,108.6,111186900.0
304.51,312.15,315.95,303.21,50155640.0,317.83,319.69,310.91,40575260.0,308.1,317.05,307.24,36486560.0
246.5,255.6,262.49,252.0,49250500.0,250.74,255.52,249.4,41994110.0,252.75,255.87,247.05,51054150.0
138.95,139.06,139.98,138.79,17439210.0,139.37,139.77,138.6,21229890.0,138.78,139.83,138.59,21555370.0
225.82,226.27,229.93,225.84,30889270.0,225.64,227.49,223.89,34755550.0,218.43,220.96,215.13,30352690.0
218.01,220.95,221.85,216.47,39194720.0,221.85,225.37,220.71,37418910.0,226.23,227.35,221.3,34121240.0
126.04,125.03,125.76,124.32,41365600.0,121.94,123.85,121.21,61292800.0,123.85,124.06,119.22,78291510.0
123.15,123.38,123.91,122.55,33570380.0,123.09,123.61,122.12,44371580.0,125.32,125.74,123.9,42090320.0
324.74,324.19,326.22,323.35,23686890.0,321.47,327.22,321.47,28432570.0,323.6,323.9,318.71,23580780.0
98.55,98.68,100.13,96.43,80742460.0,100.56,102.37,99.87,68384270.0,105.75,105.85,102.41,55583140.0
117.52,118.98,119.86,117.81,32063100.0,115.29,119.25,115.11,57717870.0,116.55,116.79,114.22,41511380.0
247.51,241.95,259.08,240.0,80605870.0,264.89,279.92,252.95,92683030.0,255.94,270.0,248.0,104618500.0
120.99,118.7,120.69,118.27,51106100.0,116.93,119.3,116.06,85436210.0,115.4,116.54,113.99,67673450.0
207.03,200.58,208.38,200.35,62317430.0,199.13,201.76,197.31,67812280.0,190.3,192.14,189.34,37847260.0
174.32,173.21,175.0,172.73,27817640.0,173.71,175.3,173.17,16991610.0,174.16,175.87,173.95,21846400.0
214.1,216.8,217.19,214.03,25682700.0,218.1,219.18,215.11,30149410.0,213.44,217.95,213.16,35034410.0
111.09,109.88,111.32,108.05,59118740.0,110.31,111.72,109.7,24129630.0,110.08,110.51,109.46,32361930.0
107.09,111.11,111.11,103.5,102731700.0,94.87,108.8,92.0,161882500.0,110.43,111.9,105.65,127246600.0
139.25,138.74,138.79,137.05,22117750.0,138.95,139.8,138.82,18695500.0,139.06,139.98,138.79,17439210.0
186.78,189.01,189.53,187.86,20393070.0,189.49,190.06,187.45,26167950.0,187.74,190.37,187.65,27942430.0
155.81,154.97,155.49,154.56,17223790.0,154.18,155.44,154.05,21215870.0,153.63,153.86,152.46,20088940.0
116.93,115.4,116.54,113.99,67673450.0,118.08,118.13,114.92,66139770.0,116.7,119.23,116.33,59251740.0
210.16,207.7,210.95,207.7,25864510.0,207.36,209.1,206.67,24592460.0,207.28,209.78,207.2,23389530.0
227.93,227.03,227.79,225.64,19029420.0,225.82,228.06,224.33,29282700.0,226.27,229.93,225.84,30889270.0
97.39,97.41,97.67,96.84,25879680.0,97.17,97.7,97.12,24129530.0,96.75,97.65,96.73,23317990.0
184.46,180.29,180.33,177.03,39424260.0,182.66,182.8,177.7,41523580.0,176.73,181.29,174.93,45941750.0
141.26,139.85,141.6,139.76,25804820.0,142.11,142.8,139.73,39461130.0,140.4,141.5,140.23,21258100.0
115.12,113.86,115.73,113.49,90398170.0,108.73,113.03,108.6,111186900.0,107.51,108.79,107.24,62080160.0
157.05,159.28,159.75,156.16,69726440.0,149.1,150.22,148.41,33669020.0,149.9,150.33,148.13,19690420.0
109.88,110.31,111.72,109.7,24129630.0,110.08,110.51,109.46,32361930.0,108.53,110.25,108.11,30790930.0
149.9,149.89,150.23,149.19,17192770.0,153.75,153.99,147.3,32429770.0,153.35,153.93,153.06,15649120.0
296.24,289.93,293.68,289.52,25247630.0,289.46,292.69,285.22,36059610.0,291.12,293.97,288.12,36592940.0
115.29,116.55,116.79,114.22,41511380.0,117.05,118.11,116.08,33316990.0,118.75,118.81,116.86,34806250.0
258.74,256.77,257.49,255.37,18966120.0,257.05,258.19,256.32,19974430.0,257.33,257.85,255.38,25817950.0
160.86,162.09,162.24,160.36,21905160.0,162.71,162.99,160.52,21610300.0,163.75,164.25,160.56,29491910.0
318.62,322.63,324.65,318.21,25141490.0,320.0,324.57,320.0,23495990.0,315.36,319.75,314.61,38190550.0
115.8,116.47,116.5,115.65,44284660.0,115.38,116.73,115.23,46286150.0,115.04,116.2,114.98,33962370.0
145.01,147.17,148.28,145.38,25674500.0,145.13,147.16,145.11,35421310.0,145.77,146.7,145.12,19082170.0
170.29,171.04,171.39,169.64,21884010.0,171.18,171.87,170.3,23598650.0,169.97,170.32,168.38,28998220.0
122.32,123.15,123.5,122.27,36912040.0,123.38,123.91,122.55,33570380.0,123.09,123.61,122.12,44371580.0
300.35,304.51,309.79,301.53,39732270.0,312.15,315.95,303.21,50155640.0,317.83,319.69,310.91,40575260.0
135.1,135.67,135.9,134.84,22539860.0,135.52,136.27,134.62,35578640.0,133.47,135.09,133.25,33054500.0
154.83,159.1,163.88,156.0,72215320.0,166.0,166.8,160.1,85957050.0,167.17,168.62,166.76,44453230.0
136.43,136.23,136.75,135.98,24487200.0,135.1,135.83,135.1,22163280.0,135.67,135.9,134.84,22539860.0
113.0,111.64,113.39,111.55,29800240.0,114.42,114.79,111.55,52411070.0,114.35,114.94,114.0,31048170.0
226.23,228.99,229.67,225.1,33290830.0,228.41,229.18,226.63,27363960.0,226.51,228.87,226.0,43177540.0
142.94,143.6,143.88,142.9,18904680.0,143.73,144.18,143.27,16658660.0,144.29,144.52,143.45,21131040.0
266.94,262.71,266.44,262.52,21029520.0,262.59,263.18,260.84,16331260.0,263.69,264.01,261.18,30348780.0
156.75,160.42,160.71,159.6,16252850.0,159.78,160.87,159.23,18969700.0,157.9,160.0,157.65,24093300.0
360.7,365.0,368.79,358.52,48155850.0,364.0,372.38,362.27,53038870.0,351.34,359.46,351.15,33861320.0
258.3,258.69,260.44,256.85,17520500.0,258.74,260.35,258.11,23735080.0,256.77,257.49,255.37,18966120.0
108.77,109.23,109.6,109.02,21918340.0,109.1,109.37,108.34,25328680.0,109.63,110.23,109.21,33754680.0
321.47,323.6,323.9,318.71,23580780.0,314.18,321.55,313.85,27337220.0,322.37,323.4,318.0,29421010.0
196.42,196.45,197.1,195.93,18473070.0,194.79,196.37,193.14,19090050.0,193.25,196.5,193.15,23243160.0
218.93,221.16,221.83,217.27,30280450.0,220.42,222.88,216.84,39494770.0,214.52,219.5,212.32,52902320.0
228.99,228.41,229.18,226.63,27363960.0,226.51,228.87,226.0,43177540.0,223.25,228.26,222.4,48696960.0
222.6,215.83,223.25,214.7,38681170.0,219.79,223.36,218.94,28751540.0,218.06,221.26,217.43,32874330.0
144.73,144.11,145.95,143.37,21080580.0,142.9,144.75,142.9,18527000.0,143.02,143.5,142.41,24110330.0
188.95,188.75,189.76,186.55,29771210.0,191.66,192.88,184.58,49696100.0,191.51,191.98,186.6,43751810.0
182.25,180.0,182.67,179.37,32416800.0,175.49,179.12,175.35,31123000.0,170.32,173.07,169.5,23985960.0
172.63,174.3,174.87,171.86,26387240.0,175.05,175.08,173.34,20591090.0,175.1,175.5,174.65,14026670.0
156.86,160.4,162.11,155.3,64398230.0,166.0,167.45,159.09,47597670.0,165.38,167.53,164.39,33753490.0
105.52,104.61,106.31,104.59,38236730.0,103.96,105.18,103.85,40026250.0,101.91,102.91,101.78,25058280.0
266.6,265.58,267.98,265.31,16386120.0,266.94,267.16,262.5,26334880.0,262.71,266.44,262.52,21029520.0
200.29,197.77,200.99,197.35,26067510.0,198.43,199.26,195.29,21070330.0,198.54,200.16,198.17,18220420.0
152.02,155.8,155.8,152.75,37350060.0,157.9,158.26,153.83,52126240.0,159.51,159.77,158.44,20565620.0
175.48,174.94,175.85,174.27,31686450.0,177.91,178.25,176.13,23273160.0,175.21,177.74,174.52,27825140.0
191.63,199.0,199.85,193.79,50991030.0,205.55,206.01,202.25,34317760.0,209.98,210.12,206.75,25289270.0
113.7,113.4,113.66,112.69,21400410.0,113.06,114.31,112.63,29707270.0,112.71,113.05,112.28,21634520.0
215.9,217.71,221.38,216.75,29027340.0,222.6,224.23,214.54,39992120.0,215.83,223.25,214.7,38681170.0
138.85,139.25,139.36,138.64,19578920.0,138.74,138.79,137.05,22117750.0,138.95,139.8,138.82,18695500.0
291.12,284.82,289.98,284.7,23334000.0,284.69,284.89,282.92,12119710.0,280.53,284.25,280.37,24677880.0
193.06,192.45,193.66,192.05,18680930.0,190.68,191.96,189.56,15955820.0,191.78,192.43,190.17,20670830.0
98.97,98.55,99.11,96.76,70722000.0,98.68,100.13,96.43,80742460.0,100.56,102.37,99.87,68384270.0
112.95,117.42,117.7,113.25,123601900.0,121.5,122.57,117.52,69639900.0,122.6,122.64,120.91,42832890.0
106.14,105.66,106.57,105.64,31639010.0,105.8,106.5,105.5,24817940.0,106.62,107.44,106.29,24900130.0
94.94,96.0,96.57,95.03,34355970.0,96.62,96.65,95.3,60793260.0,96.45,97.75,96.07,31251870.0
320.0,315.36,319.75,314.61,38190550.0,324.74,325.98,322.85,20028450.0,324.19,326.22,323.35,23686890.0
289.46,291.12,293.97,288.12,36592940.0,284.82,289.98,284.7,23334000.0,284.69,284.89,282.92,12119710.0
179.37,176.15,179.25,175.07,34260230.0,177.9,179.39,176.14,29512410.0,176.18,177.36,175.65,25302200.0
112.46,113.16,113.8,111.8,35850010.0,113.69,114.64,113.43,29608390.0,113.0,113.18,112.34,24587490.0
160.11,158.47,160.97,158.0,48846060.0,158.99,159.4,158.09,23637310.0,159.87,159.96,157.91,44866280.0
139.39,141.5,141.74,140.35,22355140.0,141.26,141.58,140.61,20299310.0,139.85,141.6,139.76,25804820.0
179.8,184.66,185.71,182.55,29748560.0,185.22,188.0,184.7,28364850.0,183.52,184.35,180.28,38612290.0
188.5,190.71,191.28,190.18,15801370.0,189.5,190.68,189.3,19636390.0,185.42,188.43,185.2,17426160.0
224.8,218.07,223.71,217.73,44289650.0,213.86,216.78,211.71,31777930.0,214.84,216.44,211.07,27309400.0
184.99,185.18,187.67,184.75,42557530.0,178.25,184.25,178.17,56137230.0,175.88,177.5,174.44,33944110.0
105.25,105.93,107.65,105.14,35454230.0,106.34,106.5,105.19,43607120.0,105.52,106.47,104.96,34394830.0
109.07,110.17,111.54,108.73,66300930.0,112.83,113.51,107.86,73230280.0,113.85,114.57,112.44,51861990.0
154.0,153.38,153.98,152.63,26892850.0,151.27,153.34,151.13,33520150.0,153.6,154.57,149.71,50674280.0
145.77,145.52,146.07,144.61,21247590.0,146.87,146.87,144.94,24877950.0,143.66,146.74,143.66,32203640.0
208.0,207.03,208.74,205.48,33408050.0,200.58,208.38,200.35,62317430.0,199.13,201.76,197.31,67812280.0
93.99,97.61,97.88,94.25,82107120.0,96.0,98.71,95.68,114436300.0,103.91,105.3,103.91,52979780.0
111.94,112.18,112.68,109.79,64678220.0,115.19,115.39,112.85,46810020.0,116.04,116.94,115.51,29158640.0
135.91,137.38,137.48,136.3,20762360.0,136.43,137.12,136.11,20769030.0,136.23,136.75,135.98,24487200.0
158.99,159.87,159.96,157.91,44866280.0,162.61,163.96,158.77,71574560.0,160.5,162.05,159.89,31506890.0
108.59,108.86,109.1,107.85,25784420.0,108.77,109.69,108.36,25108890.0,109.23,109.6,109.02,21918340.0
115.2,116.26,116.82,115.65,32461350.0,116.37,117.42,115.21,45179400.0,116.9,118.07,116.06,59029400.0
172.4,172.5,173.54,172.0,23402510.0,172.15,172.39,171.46,19088170.0,169.2,172.89,168.79,34260890.0
144.88,144.45,144.96,143.78,22986960.0,144.71,145.13,142.28,31450520.0,144.49,146.11,143.16,22052920.0
198.58,199.2,200.14,196.21,27738580.0,200.85,201.0,198.44,20543190.0,198.68,200.74,198.18,21654750.0
97.6,99.02,99.54,98.33,29139100.0,99.6,100.4,98.82,42268040.0,99.44,100.47,99.25,36299460.0
138.78,140.0,140.28,138.76,26170690.0,137.89,140.15,137.6,36362440.0,137.08,137.44,136.7,23446340.0
143.68,140.91,144.04,140.62,33348400.0,139.39,141.22,138.62,23531670.0,141.5,141.74,140.35,22355140.0
113.05,115.19,116.18,113.25,46937190.0,115.12,116.13,114.04,79763890.0,113.86,115.73,113.49,90398170.0
96.49,95.7,96.5,95.62,24460850.0,94.6,95.66,94.37,30877540.0,95.39,95.4,94.46,27553750.0
284.82,284.69,284.89,282.92,12119710.0,280.53,284.25,280.37,24677880.0,282.23,282.65,278.56,69032740.0
219.75,216.82,221.26,216.63,27581270.0,220.78,221.36,217.29,95584080.0,220.24,222.28,219.15,26388050.0
109.5,110.0,110.03,108.25,34113880.0,109.17,110.09,108.85,26481320.0,110.37,110.94,109.03,37034520.0
360.08,353.25,362.17,351.28,32661520.0,364.41,365.32,353.02,51314210.0,360.7,365.0,357.57,34380630.0
316.27,313.59,315.7,312.09,27207250.0,311.85,315.5,309.55,30480880.0,316.7,317.57,312.17,40653460.0
314.18,322.37,323.4,318.0,29421010.0,322.57,325.22,320.26,26356390.0,323.52,324.76,318.95,29706720.0
300.95,297.26,304.18,289.23,55548830.0,318.62,320.45,310.5,32426420.0,322.63,324.65,318.21,25141490.0
121.5,122.6,122.64,120.91,42832890.0,122.32,122.57,121.71,33400950.0,123.15,123.5,122.27,36912040.0
96.4,96.31,96.9,95.92,34240470.0,96.0,96.76,95.8,35290570.0,98.84,98.89,96.09,38866100.0
149.56,148.7,148.83,145.9,54571440.0,144.53,148.55,143.8,57423650.0,143.98,145.72,142.0,91106840.0
148.82,147.97,149.33,147.33,20117070.0,145.5,148.49,145.44,25080500.0,145.87,146.18,144.82,24833800.0
180.29,182.66,182.8,177.7,41523580.0,176.73,181.29,174.93,45941750.0,171.51,174.77,170.88,41156140.0
111.65,108.97,110.45,108.51,49904460.0,112.49,112.78,110.04,53142590.0,110.23,112.34,109.13,61681250.0
143.92,144.47,144.6,143.38,19998050.0,143.91,144.9,143.87,18325720.0,143.5,143.95,143.18,17117710.0
277.95,284.69,286.95,276.86,53812480.0,287.38,288.2,282.35,39281290.0,282.4,286.33,280.63,32788640.0
116.65,116.45,117.11,116.4,14979680.0,117.52,118.02,116.2,20686510.0,116.52,117.8,116.49,18131970.0
235.09,233.37,235.24,233.2,19286690.0,236.39,237.65,234.88,23040480.0,234.9,238.13,234.67,24413480.0
120.42,119.55,120.1,119.5,23191150.0,120.0,120.81,119.77,21982000.0,120.45,120.45,119.73,29922650.0
113.38,113.67,115.37,113.66,46594220.0,112.21,114.3,111.87,73991000.0,115.66,116.49,113.72,63712340.0
118.7,116.93,119.3,116.06,85436210.0,115.4,116.54,113.99,67673450.0,118.08,118.13,114.92,66139770.0
117.25,118.18,118.21,117.45,24308210.0,117.33,117.84,116.78,23583810.0,117.88,118.17,117.13,35626020.0
186.07,186.78,187.07,185.1,23639070.0,189.01,189.53,187.86,20393070.0,189.49,190.06,187.45,26167950.0
113.06,112.71,113.05,112.28,21634520.0,112.46,113.37,111.8,36340670.0,113.16,113.8,111.8,35850010.0
160.29,163.09,163.4,159.07,51467440.0,154.83,163.72,154.0,68171940.0,159.1,163.88,156.0,72215320.0
263.69,265.54,266.08,260.4,26609920.0,267.9,268.0,265.39,19069600.0,265.8,267.43,264.23,21700900.0
315.31,304.3,313.49,302.22,43496400.0,320.93,322.68,308.29,49897100.0,320.54,324.09,318.75,31685810.0
115.38,115.04,116.2,114.98,33962370.0,113.84,115.92,113.75,43293350.0,113.29,115.0,112.49,26176690.0
175.94,175.69,177.75,173.97,27413060.0,174.28,175.15,172.89,25737560.0,174.32,174.91,172.92,27953810.0
149.1,149.9,150.33,148.13,19690420.0,149.89,150.23,149.19,17192770.0,153.75,153.99,147.3,32429770.0
156.01,154.7,156.42,154.67,32493770.0,152.45,154.07,152.31,27236290.0,153.63,153.94,152.11,25779060.0
262.71,262.59,263.18,260.84,16331260.0,263.69,264.01,261.18,30348780.0,265.54,266.08,260.4,26609920.0
177.9,176.18,177.36,175.65,25302200.0,174.59,175.49,174.49,18653380.0,173.16,174.3,173.0,23751690.0
186.93,189.91,192.47,188.84,33031360.0,186.27,191.75,186.02,26544720.0,186.41,189.7,185.41,36529680.0
110.0,110.19,110.19,108.21,61747260.0,111.74,111.77,109.41,46717770.0,110.63,111.74,109.77,48702200.0
220.95,221.85,225.37,220.71,37418910.0,226.23,227.35,221.3,34121240.0,228.99,229.67,225.1,33290830.0
324.39,324.66,326.2,322.3,26122800.0,320.75,323.44,318.93,21910700.0,317.75,322.35,317.21,20254650.0
112.71,112.46,113.37,111.8,36340670.0,113.16,113.8,111.8,35850010.0,113.69,114.64,113.43,29608390.0
172.54,172.53,174.55,171.96,29461040.0,170.16,172.3,169.26,25400540.0,170.52,170.59,169.22,25938760.0
216.8,218.1,219.18,215.11,30149410.0,213.44,217.95,213.16,35034410.0,211.75,213.81,211.47,27595310.0
113.86,108.73,113.03,108.6,111186900.0,107.51,108.79,107.24,62080160.0,102.65,105.72,102.53,45114590.0
315.36,324.74,325.98,322.85,20028450.0,324.19,326.22,323.35,23686890.0,321.47,327.22,321.47,28432570.0
152.5,151.29,154.53,149.63,45034370.0,149.56,151.82,148.52,40622910.0,148.7,148.83,145.9,54571440.0
112.49,110.23,112.34,109.13,61681250.0,110.15,111.88,107.36,76562170.0,112.03,114.53,112.0,56111590.0
97.06,95.1,98.19,93.42,72274300.0,98.41,98.65,95.5,52960810.0,96.2,97.71,95.36,79356010.0
190.71,189.5,190.68,189.3,19636390.0,185.42,188.43,185.2,17426160.0,185.26,186.41,184.28,16543880.0
244.76,248.97,249.75,242.57,35709870.0,247.42,249.25,246.72,24143240.0,243.16,246.73,242.88,18369300.0
173.5,175.11,175.38,174.27,25129510.0,175.11,176.1,173.14,29422610.0,174.66,176.24,174.33,24358920.0
221.03,218.95,219.84,217.65,19419650.0,221.38,222.56,217.47,57977090.0,222.01,223.76,220.37,22187880.0
171.58,171.8,172.37,170.3,17154540.0,171.19,173.32,170.99,25323890.0,169.71,171.44,169.49,18958570.0
199.2,200.81,201.4,198.41,25338630.0,203.35,205.08,202.9,17265520.0,203.28,204.44,202.69,11362050.0
102.24,101.41,102.24,100.15,33490630.0,101.31,101.58,100.27,27148530.0,100.78,101.76,100.4,31538710.0
93.98,96.4,96.5,94.55,31851180.0,96.31,96.9,95.92,34240470.0,96.0,96.76,95.8,35290570.0
122.14,121.67,122.44,121.6,26320740.0,120.42,122.1,120.28,32417410.0,119.55,120.1,119.5,23191150.0
144.19,143.68,144.49,143.19,29174040.0,140.91,144.04,140.62,33348400.0,139.39,141.22,138.62,23531670.0
105.75,102.61,105.37,102.0,67569090.0,107.01,107.03,104.82,40885480.0,108.58,108.7,107.18,25184090.0
139.37,138.78,139.83,138.59,21555370.0,140.0,140.28,138.76,26170690.0,137.89,140.15,137.6,36362440.0
223.06,225.07,228.22,224.2,36187160.0,220.9,224.58,220.79,26318580.0,220.54,220.96,217.28,25361290.0
222.01,221.06,222.85,219.44,25643090.0,219.96,220.82,219.12,18386470.0,217.73,220.13,217.56,21158140.0
108.91,109.95,110.42,108.12,31735810.0,110.23,110.98,109.2,26178840.0,109.51,110.73,109.42,26560420.0
92.39,90.0,91.67,90.0,44223040.0,92.72,92.78,89.47,76183460.0,93.48,93.57,92.46,28641180.0
117.81,116.53,119.99,116.53,54851010.0,114.58,116.25,114.5,38610120.0,115.97,116.5,114.12,52828890.0
141.88,141.41,142.04,141.11,14676420.0,141.48,141.88,140.87,16529130.0,141.91,142.38,141.05,17775510.0
132.46,131.65,132.45,131.12,28321440.0,131.35,132.22,131.22,22941650.0,130.54,132.09,130.45,38158410.0
137.38,136.43,137.12,136.11,20769030.0,136.23,136.75,135.98,24487200.0,135.1,135.83,135.1,22163280.0
365.12,360.08,365.98,360.0,35055820.0,353.25,362.17,351.28,32661520.0,364.41,365.32,353.02,51314210.0
96.86,97.2,98.02,96.58,28949760.0,96.05,96.76,95.25,27526040.0,93.98,96.38,93.32,36192150.0
165.38,165.45,168.35,162.73,43250420.0,169.0,169.08,165.28,40620360.0,170.49,172.57,169.55,31754210.0
112.17,112.23,113.24,110.02,83825220.0,107.09,109.89,105.05,96531890.0,111.11,111.11,103.5,102731700.0
136.23,135.1,135.83,135.1,22163280.0,135.67,135.9,134.84,22539860.0,135.52,136.27,134.62,35578640.0
176.49,175.03,176.19,174.83,21561320.0,174.78,175.84,173.85,25100510.0,173.41,175.0,173.04,22858840.0
112.53,117.81,118.18,113.33,96820670.0,116.53,119.99,116.53,54851010.0,114.58,116.25,114.5,38610120.0
153.8,151.78,153.92,151.69,35907770.0,149.99,151.83,149.16,44366140.0,152.02,152.27,150.56,46575410.0
157.07,160.29,161.0,155.03,54145930.0,163.09,163.4,159.07,51467440.0,154.83,163.72,154.0,68171940.0
207.48,208.89,209.24,206.73,13909560.0,207.67,209.15,207.17,14991570.0,208.46,208.91,207.29,18355210.0
161.94,160.66,162.2,160.14,29377630.0,159.32,160.21,158.75,22074760.0,156.6,158.57,156.07,26208970.0
263.79,261.07,263.31,260.68,16810390.0,258.31,259.53,256.29,29377270.0,267.27,268.25,263.45,23693550.0
159.07,158.23,160.0,158.02,21564890.0,157.5,157.89,155.11,26330070.0,157.86,159.5,156.72,27391950.0
101.31,100.78,101.76,100.4,31538710.0,102.39,102.83,100.96,35890740.0,102.37,103.75,101.37,46026600.0
163.89,159.29,163.6,158.7,44387770.0,157.23,157.83,156.78,16916650.0,156.91,157.55,155.27,21175670.0
195.41,196.31,198.07,194.04,35824790.0,197.99,198.65,192.58,52392970.0,205.53,206.43,201.63,40862120.0
209.84,209.88,215.31,209.23,64827330.0,203.06,203.4,199.11,45751160.0,204.4,205.97,203.86,22010360.0
276.28,277.95,281.68,276.85,32503750.0,284.69,286.95,276.86,53812480.0,287.38,288.2,282.35,39281290.0
187.99,187.22,188.23,186.14,27468700.0,187.72,188.0,186.78,18503410.0,187.6,188.75,186.87,22409110.0
320.25,317.92,319.56,315.65,26117990.0,318.58,319.99,317.31,25458120.0,317.19,319.02,316.0,27710810.0
257.33,249.54,255.93,249.16,37781330.0,247.24,249.17,237.26,34790520.0,244.76,245.3,241.21,31130520.0
155.19,155.25,155.54,154.4,21144040.0,155.02,155.98,154.48,21017560.0,153.9,155.81,153.78,26591850.0
157.9,159.51,159.77,158.44,20565620.0,160.11,160.5,158.0,28157630.0,158.47,160.97,158.0,48846060.0
188.38,188.0,189.27,186.91,18383080.0,187.19,187.81,186.13,18083080.0,188.0,188.91,186.36,17014490.0
144.09,143.92,144.16,143.31,14198660.0,144.47,144.6,143.38,19998050.0,143.91,144.9,143.87,18325720.0
98.41,96.2,97.71,95.36,79356010.0,97.96,100.48,95.74,63000140.0,100.32,101.19,97.3,62285770.0
191.35,191.17,192.0,189.77,26580710.0,194.14,194.2,192.34,21329170.0,193.63,194.08,191.92,20912820.0
103.96,101.91,102.91,101.78,25058280.0,102.24,102.28,101.5,27368840.0,101.41,102.24,100.15,33490630.0
154.11,154.15,155.14,151.7,23046560.0,156.41,156.73,152.62,30273990.0,157.5,157.88,155.98,33259460.0
184.66,185.22,188.0,184.7,28364850.0,183.52,184.35,180.28,38612290.0,186.93,190.9,186.76,32879090.0
177.25,177.3,179.44,176.82,32395870.0,177.3,177.78,176.6,27052000.0,178.61,179.58,177.41,31306390.0
98.5,99.02,99.56,98.68,20839950.0,99.25,99.87,98.96,22378380.0,97.99,101.89,97.55,23265200.0
240.34,246.5,248.72,239.13,44054640.0,255.6,262.49,252.0,49250500.0,250.74,255.52,249.4,41994110.0
110.19,111.74,111.77,109.41,46717770.0,110.63,111.74,109.77,48702200.0,109.88,111.37,109.07,52033100.0
170.16,170.52,170.59,169.22,25938760.0,171.0,171.85,170.48,16412270.0,170.1,170.78,169.71,21477380.0
171.66,165.0,170.09,163.33,61759000.0,173.49,174.49,168.3,41678680.0,171.76,174.78,170.42,42704910.0
93.0,92.91,94.66,92.65,75219710.0,95.94,96.29,95.25,32042290.0,96.25,96.89,95.35,29124140.0
115.39,114.31,115.7,113.31,66028640.0,117.95,118.36,117.31,46820600.0,117.1,117.74,117.0,23492650.0
173.67,171.8,173.95,171.71,30953760.0,172.83,174.12,171.01,37378070.0,172.05,174.26,171.42,33690660.0
313.17,300.35,307.9,300.21,41587090.0,304.51,309.79,301.53,39732270.0,312.15,315.95,303.21,50155640.0
247.42,243.16,246.73,242.88,18369300.0,244.51,244.8,241.81,17916260.0,242.1,243.24,241.22,19932550.0
226.27,225.64,227.49,223.89,34755550.0,218.43,220.96,215.13,30352690.0,223.06,223.58,217.93,35767260.0
172.58,164.88,172.01,164.77,34581850.0,167.64,168.75,164.88,30237640.0,167.88,168.94,164.47,37425640.0
156.61,156.75,157.08,155.02,42357420.0,160.42,160.71,159.6,16252850.0,159.78,160.87,159.23,18969700.0
93.33,93.0,93.77,92.59,32895650.0,93.37,93.45,91.85,43665160.0,94.0,94.07,92.68,35850220.0
96.31,96.0,96.76,95.8,35290570.0,98.84,98.89,96.09,38866100.0,96.67,98.21,96.15,44811800.0
111.34,110.8,111.75,110.11,29723750.0,111.78,112.0,110.53,38794930.0,110.93,112.1,110.49,37622200.0
170.49,170.4,171.92,169.02,35474680.0,171.66,171.79,167.0,45968040.0,165.0,170.09,163.33,61759000.0
310.06,320.25,323.33,317.52,36634380.0,317.92,319.56,315.65,26117990.0,318.58,319.99,317.31,25458120.0
270.8,250.9,263.11,249.38,50455070.0,242.8,245.7,238.97,32470020.0,240.34,245.15,236.9,41483490.0
310.6,307.24,310.43,306.2,42621540.0,297.16,304.44,297.16,33090950.0,299.84,300.9,297.48,27877660.0
97.65,96.86,98.23,96.65,35131460.0,97.2,98.02,96.58,28949760.0,96.05,96.76,95.25,27526040.0
209.55,219.05,222.36,216.81,52954070.0,216.88,220.45,216.62,38016810.0,211.15,215.18,209.27,36487930.0
94.44,93.97,94.55,93.63,36505420.0,92.9,93.66,92.14,40387960.0,93.0,93.05,91.5,45595680.0
180.29,177.96,180.0,177.39,32130360.0,175.48,177.12,175.07,24518850.0,174.94,175.85,174.27,31686450.0
209.32,208.0,209.25,207.07,25396100.0,207.03,208.74,205.48,33408050.0,200.58,208.38,200.35,62317430.0
285.08,281.8,284.54,279.95,29271890.0,277.2,283.01,277.0,31627180.0,275.87,281.75,274.87,31203580.0
187.71,197.42,198.85,192.77,41208710.0,200.4,201.68,196.66,34908610.0,201.9,205.34,201.75,26339500.0
198.54,198.8,200.85,198.15,47800590.0,200.37,200.61,198.03,21513990.0,199.68,199.88,197.31,21124240.0
115.19,116.04,116.94,115.51,29158640.0,117.64,117.69,115.08,46301930.0,117.52,118.6,116.86,34275420.0
112.21,115.66,116.49,113.72,63712340.0,116.25,116.54,115.44,37080720.0,115.93,116.53,114.42,43218350.0
188.0,186.07,188.46,186.0,19046600.0,186.78,187.07,185.1,23639070.0,189.01,189.53,187.86,20393070.0
112.11,111.62,112.39,111.33,25364920.0,110.8,112.34,110.8,32771760.0,109.34,110.5,108.66,27150570.0
281.1,286.53,297.88,286.5,49678430.0,300.95,302.53,286.13,57668360.0,297.26,304.18,289.23,55548830.0
171.51,174.24,174.95,170.26,44662320.0,174.94,176.6,172.1,23623970.0,179.73,180.27,176.55,31096240.0
94.79,93.79,94.52,92.39,55622370.0,96.04,96.63,93.34,133059000.0,99.93,100.88,98.07,71937310.0
97.82,97.32,98.48,96.75,31890740.0,98.69,99.12,97.1,37708360.0,98.53,99.35,98.48,31672220.0
219.19,215.9,220.19,212.67,47191700.0,217.71,221.38,216.75,29027340.0,222.6,224.23,214.54,39992120.0
204.05,204.59,206.11,203.5,16866820.0,204.09,205.87,204.0,16947420.0,202.45,204.0,202.2,17595210.0
178.65,178.5,180.24,178.07,22676520.0,180.32,180.52,177.81,29334630.0,182.59,183.5,179.24,31464170.0
110.86,109.26,111.19,109.16,29976030.0,109.5,110.36,109.19,26160560.0,110.0,110.03,108.25,34113880.0
204.0,204.05,205.09,203.27,14107450.0,204.59,206.11,203.5,16866820.0,204.09,205.87,204.0,16947420.0
118.9,118.74,119.93,118.6,27453130.0,118.77,119.38,118.3,24432660.0,117.95,119.43,117.94,33420290.0
96.52,95.86,97.33,95.19,46418230.0,95.0,96.84,94.08,45870130.0,95.42,96.04,94.28,37190500.0
166.0,167.17,168.62,166.76,44453230.0,166.87,168.44,166.5,32234520.0,165.53,167.37,164.7,45635470.0
116.78,115.92,116.86,115.81,22115100.0,115.85,116.51,115.75,21081620.0,115.8,116.33,114.76,28769220.0
173.63,172.4,173.13,171.65,20442740.0,172.5,173.54,172.0,23402510.0,172.15,172.39,171.46,19088170.0
277.39,277.14,286.44,269.37,71322520.0,263.75,278.09,263.0,71686210.0,282.0,290.82,281.23,56544250.0
109.72,108.65,110.42,108.6,45547590.0,104.89,107.79,104.88,31154910.0,106.0,106.19,105.06,19354440.0
270.0,267.48,271.0,267.3,26547490.0,263.79,265.89,262.73,18661340.0,261.07,263.31,260.68,16810390.0
159.78,157.9,160.0,157.65,24093300.0,156.73,157.28,156.41,16367780.0,156.35,157.37,155.73,16380570.0
236.39,234.9,238.13,234.67,24413480.0,232.95,237.64,232.31,41990210.0,227.93,230.44,227.3,28962980.0
94.29,93.13,95.7,93.04,53920550.0,96.52,96.92,93.69,46315620.0,95.86,97.33,95.19,46418230.0
96.62,96.45,97.75,96.07,31251870.0,97.82,98.41,97.03,29373050.0,97.32,98.48,96.75,31890740.0
154.15,156.41,156.73,152.62,30273990.0,157.5,157.88,155.98,33259460.0,154.2,157.66,153.26,29616190.0
120.0,120.45,120.45,119.73,29922650.0,119.4,120.09,119.37,25554290.0,120.0,120.5,119.71,23687350.0
99.25,97.99,101.89,97.55,23265200.0,97.79,98.27,97.45,28487570.0,97.6,97.84,96.63,40170200.0
94.64,94.64,94.64,93.57,30417880.0,94.16,95.21,93.89,42009830.0,94.55,94.7,93.01,46858910.0
159.29,157.23,157.83,156.78,16916650.0,156.91,157.55,155.27,21175670.0,156.29,157.42,156.2,17633730.0
96.82,98.25,98.84,96.92,40290580.0,99.26,99.3,98.31,28218240.0,99.83,101.0,99.13,32690080.0
109.72,109.81,110.35,108.83,27623150.0,106.7,110.23,106.6,58724080.0,106.57,107.68,106.16,32230590.0
96.2,97.96,100.48,95.74,63000140.0,100.32,101.19,97.3,62285770.0,100.55,100.69,98.84,49046150.0
110.37,111.6,112.2,110.27,36151450.0,110.78,112.03,110.07,28507780.0,111.43,112.47,111.39,27054320.0
216.88,211.15,215.18,209.27,36487930.0,219.19,219.69,206.09,45713690.0,215.9,220.19,212.67,47191700.0
166.41,162.13,167.26,161.84,41976500.0,164.0,164.33,160.63,35617230.0,164.12,165.73,163.37,27850370.0
344.72,349.31,351.06,335.48,50415610.0,347.9,354.77,346.09,41662940.0,332.14,345.61,332.01,36928090.0
116.74,115.8,117.38,115.75,27756760.0,116.47,116.5,115.65,44284660.0,115.38,116.73,115.23,46286150.0
105.93,106.34,106.5,105.19,43607120.0,105.52,106.47,104.96,34394830.0,104.61,106.31,104.59,38236730.0
273.61,276.28,277.25,265.43,45247890.0,277.95,281.68,276.85,32503750.0,284.69,286.95,276.86,53812480.0
97.2,96.05,96.76,95.25,27526040.0,93.98,96.38,93.32,36192150.0,96.4,96.5,94.55,31851180.0
107.71,107.12,108.87,106.55,34117030.0,111.09,111.09,105.83,57097740.0,109.88,111.32,108.05,59118740.0
152.88,152.5,153.97,150.86,35661200.0,151.29,154.53,149.63,45034370.0,149.56,151.82,148.52,40622910.0
349.31,347.9,354.77,346.09,41662940.0,332.14,345.61,332.01,36928090.0,330.25,333.6,327.32,23913630.0
210.89,209.84,212.65,208.13,31996320.0,209.88,215.31,209.23,64827330.0,203.06,203.4,199.11,45751160.0
217.15,216.6,216.9,215.11,18457720.0,214.65,217.05,214.6,18505780.0,214.1,216.36,213.84,18965930.0
148.15,156.86,158.16,149.63,95497900.0,160.4,162.11,155.3,64398230.0,166.0,167.45,159.09,47597670.0
94.0,95.2,95.9,93.82,40984160.0,94.2,95.74,93.68,56770080.0,93.97,94.08,92.4,47844490.0
203.46,203.16,206.44,202.59,36547440.0,201.02,212.14,200.83,47539790.0,199.62,202.05,199.15,22481890.0
128.31,127.98,129.39,127.78,33671250.0,127.03,130.49,127.01,111837300.0,121.15,121.39,120.62,47767760.0
96.45,97.82,98.41,97.03,29373050.0,97.32,98.48,96.75,31890740.0,98.69,99.12,97.1,37708360.0
233.37,236.39,237.65,234.88,23040480.0,234.9,238.13,234.67,24413480.0,232.95,237.64,232.31,41990210.0
173.44,172.54,173.47,172.08,22342650.0,172.53,174.55,171.96,29461040.0,170.16,172.3,169.26,25400540.0
157.5,155.84,156.77,150.07,51608850.0,148.3,157.23,146.72,58133850.0,148.15,151.55,146.59,37169230.0
154.0,153.73,154.35,153.03,19217810.0,153.84,154.17,152.67,19201820.0,154.9,154.9,153.31,19906170.0
118.74,118.77,119.38,118.3,24432660.0,117.95,119.43,117.94,33420290.0,116.78,118.16,116.47,31714820.0
177.91,175.21,177.74,174.52,27825140.0,172.8,176.3,172.45,38426060.0,178.54,179.78,172.66,48706170.0
200.37,199.68,199.88,197.31,21124240.0,196.05,200.29,195.21,26551000.0,192.9,194.96,192.17,14669140.0
198.8,200.37,200.61,198.03,21513990.0,199.68,199.88,197.31,21124240.0,196.05,200.29,195.21,26551000.0
204.1,207.86,208.55,203.53,25897340.0,205.86,207.19,205.06,26066130.0,209.43,212.05,201.0,46882840.0
153.9,154.34,154.45,153.46,25277680.0,153.58,155.45,152.89,27715140.0,153.17,153.33,152.22,16383610.0
118.34,119.11,119.62,118.81,26083030.0,118.9,119.3,118.21,27057550.0,118.74,119.93,118.6,27453130.0
159.28,149.1,150.22,148.41,33669020.0,149.9,150.33,148.13,19690420.0,149.89,150.23,149.19,17192770.0
112.83,113.85,114.57,112.44,51861990.0,116.44,116.69,114.02,56005550.0,113.25,115.5,112.37,50061580.0
174.28,174.32,174.91,172.92,27953810.0,173.21,175.0,172.73,27817640.0,173.71,175.3,173.17,16991610.0
190.03,191.55,191.57,190.22,21584720.0,192.42,192.88,190.44,21480120.0,191.39,192.61,191.15,16859020.0
175.03,174.88,177.2,174.86,29385650.0,173.63,174.17,172.46,40122100.0,172.4,173.13,171.65,20442740.0
95.7,94.6,95.66,94.37,30877540.0,95.39,95.4,94.46,27553750.0,95.49,96.47,95.33,25982080.0
140.4,141.0,141.0,139.89,43700570.0,140.72,141.02,140.26,19173780.0,139.41,140.75,139.03,25676720.0
213.86,214.84,216.44,211.07,27309400.0,214.05,214.42,212.51,19362290.0,212.0,213.97,211.51,23946880.0
95.39,95.49,96.47,95.33,25982080.0,94.44,95.77,94.3,35783320.0,93.97,94.55,93.63,36505420.0
118.77,117.95,119.43,117.94,33420290.0,116.78,118.16,116.47,31714820.0,115.92,116.86,115.81,22115100.0
96.47,94.79,97.34,94.35,64332440.0,93.79,94.52,92.39,55622370.0,96.04,96.63,93.34,133059000.0
99.26,99.83,101.0,99.13,32690080.0,100.0,100.46,99.74,26219110.0,99.56,100.0,99.34,23766360.0
175.03,174.78,175.84,173.85,25100510.0,173.41,175.0,173.04,22858840.0,172.23,173.92,171.7,22401040.0
242.1,241.16,242.2,239.62,22684000.0,237.52,240.99,237.32,22367480.0,234.59,237.58,234.29,24377170.0
166.84,170.6,171.22,165.43,65270950.0,174.95,175.39,172.66,34693280.0,177.81,178.82,176.88,20544600.0
144.11,142.9,144.75,142.9,18527000.0,143.02,143.5,142.41,24110330.0,143.69,144.79,142.72,21550270.0
165.45,169.0,169.08,165.28,40620360.0,170.49,172.57,169.55,31754210.0,170.4,171.92,169.02,35474680.0
162.13,164.0,164.33,160.63,35617230.0,164.12,165.73,163.37,27850370.0,162.62,165.42,162.41,28331540.0
179.26,179.1,180.48,178.16,38885510.0,176.35,179.39,176.21,37353670.0,173.67,175.65,173.54,33772050.0
297.16,299.84,300.9,297.48,27877660.0,293.79,299.96,292.75,29644640.0,297.15,300.58,296.5,36633880.0
116.47,115.38,116.73,115.23,46286150.0,115.04,116.2,114.98,33962370.0,113.84,115.92,113.75,43293350.0
110.63,109.88,111.37,109.07,52033100.0,108.01,111.01,107.55,57774940.0,109.07,109.62,107.31,63849470.0
183.82,186.29,187.19,182.91,22551660.0,184.1,186.21,183.8,17352380.0,185.23,187.28,184.03,24987260.0
189.01,189.49,190.06,187.45,26167950.0,187.74,190.37,187.65,27942430.0,186.55,187.4,185.22,23141260.0
157.9,156.73,157.28,156.41,16367780.0,156.35,157.37,155.73,16380570.0,155.97,156.98,155.75,16861450.0
175.05,175.1,175.5,174.65,14026670.0,173.36,175.0,173.05,25558680.0,170.78,173.7,170.78,25047130.0
207.36,207.28,209.78,207.2,23389530.0,206.05,207.81,204.52,22493750.0,209.32,209.5,206.76,25525650.0
367.85,365.12,367.36,363.91,27684310.0,360.08,365.98,360.0,35055820.0,353.25,362.17,351.28,32661520.0
106.34,105.52,106.47,104.96,34394830.0,104.61,106.31,104.59,38236730.0,103.96,105.18,103.85,40026250.0
174.24,174.94,176.6,172.1,23623970.0,179.73,180.27,176.55,31096240.0,178.37,181.47,175.51,67678680.0
116.45,117.52,118.02,116.2,20686510.0,116.52,117.8,116.49,18131970.0,115.59,116.52,115.59,14244050.0
164.12,162.62,165.42,162.41,28331540.0,165.67,166.33,161.22,33674960.0,166.84,166.92,164.09,36396590.0
192.42,191.39,192.61,191.15,16859020.0,191.35,191.97,190.21,18069930.0,191.17,192.0,189.77,26580710.0
185.18,178.25,184.25,178.17,56137230.0,175.88,177.5,174.44,33944110.0,175.23,177.75,173.8,66454720.0
220.78,220.24,222.28,219.15,26388050.0,218.5,219.62,215.3,26869880.0,217.79,221.85,217.12,31495630.0
95.02,94.19,94.5,93.01,40323020.0,93.79,94.72,92.59,49979700.0,95.92,96.35,94.1,42288790.0
244.51,242.1,243.24,241.22,19932550.0,241.16,242.2,239.62,22684000.0,237.52,240.99,237.32,22367480.0
141.22,141.88,142.0,140.45,17302160.0,141.41,142.04,141.11,14676420.0,141.48,141.88,140.87,16529130.0
146.87,143.66,146.74,143.66,32203640.0,143.78,144.5,142.2,50264540.0,143.32,144.48,142.21,31642900.0
111.11,94.87,108.8,92.0,161882500.0,110.43,111.9,105.65,127246600.0,114.08,114.35,111.63,68176940.0
296.44,303.67,304.0,285.8,79868850.0,282.28,301.44,277.72,85349340.0,257.26,278.41,256.37,106721200.0
264.89,255.94,270.0,248.0,104618500.0,277.39,281.22,271.86,64094970.0,277.14,286.44,269.37,71322520.0
121.67,120.42,122.1,120.28,32417410.0,119.55,120.1,119.5,23191150.0,120.0,120.81,119.77,21982000.0
156.07,157.05,157.21,155.02,26604140.0,159.28,159.75,156.16,69726440.0,149.1,150.22,148.41,33669020.0
322.57,323.52,324.76,318.95,29706720.0,315.31,319.64,313.63,34154130.0,304.3,313.49,302.22,43496400.0
200.81,203.35,205.08,202.9,17265520.0,203.28,204.44,202.69,11362050.0,201.41,203.13,201.36,16935220.0
98.92,97.39,98.99,97.32,38885980.0,97.41,97.67,96.84,25879680.0,97.17,97.7,97.12,24129530.0
102.83,104.27,104.35,102.75,92143920.0,96.82,97.97,96.42,53454620.0,98.25,98.84,96.92,40290580.0
94.64,94.16,95.21,93.89,42009830.0,94.55,94.7,93.01,46858910.0,92.39,94.39,91.65,61192340.0
200.58,199.13,201.76,197.31,67812280.0,190.3,192.14,189.34,37847260.0,191.9,192.2,189.07,20912890.0
191.55,194.7,196.79,193.6,21674630.0,193.95,195.97,193.39,18253190.0,194.86,196.0,193.6,26932880.0
208.5,204.1,205.72,203.32,15957630.0,207.86,208.55,203.53,25897340.0,205.86,207.19,205.06,26066130.0
102.39,102.37,103.75,101.37,46026600.0,100.58,101.71,100.45,36884490.0,100.51,100.89,99.64,33136130.0
144.71,144.49,146.11,143.16,22052920.0,145.01,146.16,143.62,24725210.0,147.17,148.28,145.38,25674500.0
173.68,168.07,173.1,166.44,36778560.0,168.39,169.92,164.94,40984540.0,170.0,172.68,168.6,41335980.0
113.85,116.44,116.69,114.02,56005550.0,113.25,115.5,112.37,50061580.0,113.63,114.72,113.3,35678360.0
119.55,120.0,120.81,119.77,21982000.0,120.45,120.45,119.73,29922650.0,119.4,120.09,119.37,25554290.0
153.97,153.42,154.43,153.33,20118620.0,154.0,154.24,153.31,21895020.0,153.73,154.35,153.03,19217810.0
116.52,115.59,116.52,115.59,14244050.0,116.35,116.51,115.64,26043820.0,116.8,117.4,116.78,23724430.0
90.0,92.72,92.78,89.47,76183460.0,93.48,93.57,92.46,28641180.0,93.33,93.57,92.11,33653020.0
177.81,176.49,178.94,176.41,26575010.0,175.03,176.19,174.83,21561320.0,174.78,175.84,173.85,25100510.0
300.46,295.06,301.0,294.46,36937800.0,289.17,293.69,286.32,33391990.0,286.25,299.0,285.85,60154180.0
117.33,119.27,119.73,117.34,32445680.0,119.2,119.92,118.85,34135230.0,117.64,119.75,116.76,43233950.0
197.77,198.43,199.26,195.29,21070330.0,198.54,200.16,198.17,18220420.0,198.8,200.85,198.15,47800590.0
135.52,133.47,135.09,133.25,33054500.0,133.08,133.82,132.75,22989980.0,132.46,132.94,132.05,20046250.0
178.5,180.32,180.52,177.81,29334630.0,182.59,183.5,179.24,31464170.0,180.29,182.39,180.21,32191070.0
116.58,111.79,114.21,111.76,49793750.0,110.27,113.28,109.9,62800770.0,113.76,114.02,109.77,84757780.0
176.23,177.95,179.23,176.67,21218410.0,176.42,179.35,176.0,28481170.0,178.92,180.59,177.91,27948160.0
315.03,313.17,316.5,310.32,33843130.0,300.35,307.9,300.21,41587090.0,304.51,309.79,301.53,39732270.0
106.96,107.59,107.69,106.18,26639930.0,109.0,109.0,107.95,13596680.0,107.27,108.85,107.2,32618140.0
163.75,164.8,164.94,163.63,16564340.0,163.64,164.52,163.48,26729940.0,163.8,163.89,162.61,27215770.0
304.3,320.93,322.68,308.29,49897100.0,320.54,324.09,318.75,31685810.0,324.45,327.85,321.38,54149930.0
170.16,172.0,172.0,170.06,39075250.0,174.51,174.95,170.53,41438280.0,177.25,177.3,173.2,51368540.0
180.32,182.59,183.5,179.24,31464170.0,180.29,182.39,180.21,32191070.0,177.96,180.0,177.39,32130360.0
114.31,113.7,114.34,113.13,28508710.0,113.4,113.66,112.69,21400410.0,113.06,114.31,112.63,29707270.0
184.85,183.9,184.1,182.56,23527660.0,182.25,183.3,180.92,30929740.0,180.0,182.67,179.37,32416800.0
177.95,176.42,179.35,176.0,28481170.0,178.92,180.59,177.91,27948160.0,180.2,182.14,178.62,23714690.0
141.48,141.91,142.38,141.05,17775510.0,141.6,142.15,141.01,20320420.0,142.94,143.35,140.06,30341520.0
116.37,116.9,118.07,116.06,59029400.0,120.96,121.81,120.05,33829290.0,121.11,121.81,120.62,33009110.0
110.17,112.83,113.51,107.86,73230280.0,113.85,114.57,112.44,51861990.0,116.44,116.69,114.02,56005550.0
174.94,179.73,180.27,176.55,31096240.0,178.37,181.47,175.51,67678680.0,190.0,190.7,184.99,41626820.0
318.66,316.68,319.52,316.2,27876220.0,315.03,318.52,313.01,25432390.0,313.17,316.5,310.32,33843130.0
202.83,203.12,204.15,202.52,24185530.0,199.54,203.38,198.61,28865310.0,199.46,201.37,198.56,25668330.0
185.26,187.79,187.95,183.54,13954810.0,183.82,187.3,183.42,17675210.0,186.29,187.19,182.91,22551660.0
147.54,145.1,147.2,144.96,33498270.0,144.09,144.3,143.27,20783460.0,143.92,144.16,143.31,14198660.0
121.15,120.93,121.63,120.66,30327110.0,122.14,122.35,121.6,20495340.0,121.67,122.44,121.6,26320740.0
203.06,204.4,205.97,203.86,22010360.0,204.9,205.0,202.12,18612770.0,206.83,207.76,205.12,18463850.0
194.61,193.06,194.85,192.43,16553500.0,192.45,193.66,192.05,18680930.0,190.68,191.96,189.56,15955820.0
347.9,332.14,345.61,332.01,36928090.0,330.25,333.6,327.32,23913630.0,323.35,331.75,323.23,34312550.0
106.48,105.25,107.29,105.21,32345430.0,105.93,107.65,105.14,35454230.0,106.34,106.5,105.19,43607120.0
163.8,160.1,163.12,160.0,29451050.0,160.14,162.0,159.93,25649890.0,159.65,160.56,159.27,25184600.0
96.0,98.84,98.89,96.09,38866100.0,96.67,98.21,96.15,44811800.0,95.02,96.85,94.61,48032600.0
236.36,228.08,228.5,212.61,84188210.0,247.18,251.83,228.0,100423300.0,247.39,252.84,242.61,67964260.0
186.35,185.14,186.33,183.45,33538550.0,187.88,189.22,187.2,18458410.0,190.03,190.16,188.26,61438290.0
193.63,193.07,193.94,192.36,21535570.0,191.64,193.42,191.35,26190620.0,187.99,190.26,187.75,23377690.0
284.69,287.38,288.2,282.35,39281290.0,282.4,286.33,280.63,32788640.0,280.0,288.25,278.05,48748670.0
104.64,107.25,107.27,105.24,52955310.0,107.83,108.76,107.07,42250480.0,107.9,108.3,107.51,26645130.0
172.86,167.41,171.66,167.28,31384720.0,166.96,168.98,165.93,32644590.0,166.11,169.0,164.56,40613260.0
157.23,156.91,157.55,155.27,21175670.0,156.29,157.42,156.2,17633730.0,156.89,157.69,155.5,21888930.0
167.25,173.68,175.15,166.92,39824200.0,168.07,173.1,166.44,36778560.0,168.39,169.92,164.94,40984540.0
98.67,97.22,98.09,96.84,35074380.0,95.87,97.19,95.67,37977020.0,94.64,95.43,94.52,31834020.0
207.36,204.43,207.75,203.9,23286380.0,202.83,204.94,202.34,17841920.0,203.12,204.15,202.52,24185530.0
186.55,184.99,186.22,183.67,28053230.0,185.18,187.67,184.75,42557530.0,178.25,184.25,178.17,56137230.0
312.6,310.06,311.77,304.88,40485010.0,320.25,323.33,317.52,36634380.0,317.92,319.56,315.65,26117990.0
155.84,148.3,157.23,146.72,58133850.0,148.15,151.55,146.59,37169230.0,156.86,158.16,149.63,95497900.0
146.52,145.59,147.49,144.27,45579740.0,147.54,148.09,146.84,44182930.0,145.1,147.2,144.96,33498270.0
174.67,175.94,176.0,174.54,19238480.0,175.69,177.75,173.97,27413060.0,174.28,175.15,172.89,25737560.0
320.93,320.54,324.09,318.75,31685810.0,324.45,327.85,321.38,54149930.0,312.6,318.4,312.19,40558490.0
263.75,282.0,290.82,281.23,56544250.0,295.52,299.55,291.41,46893220.0,296.44,303.4,293.13,54794570.0
138.74,138.95,139.8,138.82,18695500.0,139.06,139.98,138.79,17439210.0,139.37,139.77,138.6,21229890.0
178.61,179.37,180.1,178.25,31087330.0,176.15,179.25,175.07,34260230.0,177.9,179.39,176.14,29512410.0
174.0,167.64,168.5,165.28,39668100.0,169.87,169.94,165.61,33482970.0,167.9,169.65,166.94,35779520.0
234.59,235.09,236.15,233.52,17272900.0,233.37,235.24,233.2,19286690.0,236.39,237.65,234.88,23040480.0
94.55,92.39,94.39,91.65,61192340.0,90.0,91.67,90.0,44223040.0,92.72,92.78,89.47,76183460.0
151.8,150.58,152.44,149.9,21466370.0,149.99,150.44,148.88,25111310.0,151.5,151.74,150.19,17170490.0
203.35,203.28,204.44,202.69,11362050.0,201.41,203.13,201.36,16935220.0,203.17,204.49,200.65,27316740.0
223.82,221.0,223.75,219.76,23430370.0,219.75,222.82,219.7,22811140.0,216.82,221.26,216.63,27581270.0
107.88,108.89,108.95,106.94,60784920.0,112.11,112.3,109.73,46873670.0,111.62,112.39,111.33,25364920.0
192.45,190.68,191.96,189.56,15955820.0,191.78,192.43,190.17,20670830.0,189.69,192.55,189.69,20182050.0
199.54,199.46,201.37,198.56,25668330.0,198.58,199.85,198.01,17524150.0,199.2,200.14,196.21,27738580.0
95.1,98.41,98.65,95.5,52960810.0,96.2,97.71,95.36,79356010.0,97.96,100.48,95.74,63000140.0
210.88,210.62,212.73,210.03,24431920.0,204.28,207.16,203.84,28813620.0,203.46,205.14,199.67,27883360.0
154.18,153.63,153.86,152.46,20088940.0,154.01,155.09,153.91,16216800.0,154.26,154.45,152.72,18631540.0
191.52,191.08,191.84,190.9,12506830.0,189.53,191.41,189.31,18000180.0,188.5,189.78,187.61,18776390.0
176.73,171.51,174.77,170.88,41156140.0,174.24,174.95,170.26,44662320.0,174.94,176.6,172.1,23623970.0
107.01,108.58,108.7,107.18,25184090.0,106.96,109.43,106.86,30912260.0,107.59,107.69,106.18,26639930.0
200.2,195.41,199.56,193.82,33364400.0,196.31,198.07,194.04,35824790.0,197.99,198.65,192.58,52392970.0
133.08,132.46,132.94,132.05,20046250.0,131.65,132.45,131.12,28321440.0,131.35,132.22,131.22,22941650.0
115.66,116.25,116.54,115.44,37080720.0,115.93,116.53,114.42,43218350.0,116.58,116.89,114.86,58279570.0
110.23,110.15,111.88,107.36,76562170.0,112.03,114.53,112.0,56111590.0,112.17,113.31,111.54,53075960.0
159.65,160.43,160.74,158.55,19782170.0,159.07,160.47,158.88,19376940.0,158.23,160.0,158.02,21564890.0
153.84,154.9,154.9,153.31,19906170.0,154.0,154.58,152.91,22930630.0,153.38,153.98,152.63,26892850.0
188.23,188.77,188.84,186.21,23129400.0,186.35,188.5,185.76,19966590.0,188.38,188.88,186.78,15228270.0
113.67,112.21,114.3,111.87,73991000.0,115.66,116.49,113.72,63712340.0,116.25,116.54,115.44,37080720.0
222.3,218.93,222.99,216.76,28802550.0,221.16,221.83,217.27,30280450.0,220.42,222.88,216.84,39494770.0
98.25,99.26,99.3,98.31,28218240.0,99.83,101.0,99.13,32690080.0,100.0,100.46,99.74,26219110.0
120.45,119.4,120.09,119.37,25554290.0,120.0,120.5,119.71,23687350.0,118.34,120.24,118.22,34412090.0
353.25,364.41,365.32,353.02,51314210.0,360.7,365.0,357.57,34380630.0,365.0,368.79,358.52,48155850.0
106.93,106.64,108.09,106.06,30576980.0,107.88,108.0,106.23,32340620.0,108.89,108.95,106.94,60784920.0
263.75,261.13,264.78,261.07,25817590.0,261.55,262.79,260.92,21847230.0,258.3,262.47,258.28,20507460.0
119.4,120.0,120.5,119.71,23687350.0,118.34,120.24,118.22,34412090.0,119.11,119.62,118.81,26083030.0
203.28,201.41,203.13,201.36,16935220.0,203.17,204.49,200.65,27316740.0,198.68,199.5,197.05,31110640.0
149.99,152.02,152.27,150.56,46575410.0,155.8,155.8,152.75,37350060.0,157.9,158.26,153.83,52126240.0
166.96,166.11,169.0,164.56,40613260.0,163.25,166.15,160.23,60800480.0,156.25,158.13,154.11,39914850.0
172.53,170.16,172.3,169.26,25400540.0,170.52,170.59,169.22,25938760.0,171.0,171.85,170.48,16412270.0
135.67,135.52,136.27,134.62,35578640.0,133.47,135.09,133.25,33054500.0,133.08,133.82,132.75,22989980.0
106.27,105.58,106.0,105.28,26781730.0,104.81,105.84,104.77,30148360.0,106.05,106.07,104.0,33770220.0
305.64,303.22,305.17,301.97,28803760.0,300.46,303.24,298.87,35583440.0,295.06,301.0,294.46,36937800.0
223.64,222.21,224.8,220.2,28784550.0,227.96,228.41,220.58,33507770.0,230.78,232.35,226.73,31961120.0
107.12,111.09,111.09,105.83,57097740.0,109.88,111.32,108.05,59118740.0,110.31,111.72,109.7,24129630.0
144.49,145.01,146.16,143.62,24725210.0,147.17,148.28,145.38,25674500.0,145.13,147.16,145.11,35421310.0
167.9,163.89,168.07,163.72,44651420.0,159.29,163.6,158.7,44387770.0,157.23,157.83,156.78,16916650.0
230.05,227.25,230.0,226.63,24435010.0,227.95,229.42,226.35,23171020.0,224.79,225.84,224.02,22560440.0
199.68,196.05,200.29,195.21,26551000.0,192.9,194.96,192.17,14669140.0,191.55,193.59,190.3,18761470.0
177.3,178.61,179.58,177.41,31306390.0,179.37,180.1,178.25,31087330.0,176.15,179.25,175.07,34260230.0
117.88,116.79,117.44,115.72,35041820.0,117.35,117.98,116.75,37512930.0,117.7,118.69,116.2,63963010.0
97.22,95.87,97.19,95.67,37977020.0,94.64,95.43,94.52,31834020.0,94.64,94.64,93.57,30417880.0
145.5,145.87,146.18,144.82,24833800.0,144.73,145.85,144.38,18647220.0,144.11,145.95,143.37,21080580.0
189.69,191.78,191.8,189.93,16365720.0,189.75,191.87,189.2,15515000.0,191.52,192.65,190.42,15009800.0
155.79,155.48,158.13,154.32,33508960.0,154.11,154.48,151.74,25418110.0,154.15,155.14,151.7,23046560.0
211.15,219.19,219.69,206.09,45713690.0,215.9,220.19,212.67,47191700.0,217.71,221.38,216.75,29027340.0
267.78,268.81,271.1,268.5,19723390.0,268.6,270.07,265.86,22632380.0,270.0,270.8,264.91,32182650.0
162.71,163.75,164.25,160.56,29491910.0,164.8,164.94,163.63,16564340.0,163.64,164.52,163.48,26729940.0
95.49,94.44,95.77,94.3,35783320.0,93.97,94.55,93.63,36505420.0,92.9,93.66,92.14,40387960.0
191.39,191.35,191.97,190.21,18069930.0,191.17,192.0,189.77,26580710.0,194.14,194.2,192.34,21329170.0
169.88,170.97,172.48,168.2,34949690.0,172.58,174.23,172.08,26750260.0,164.88,172.01,164.77,34581850.0
203.31,201.85,203.73,201.56,17897140.0,199.2,201.51,198.81,20578020.0,200.81,201.4,198.41,25338630.0
113.29,112.31,114.7,112.31,34324350.0,110.86,112.43,110.6,27049830.0,109.26,111.19,109.16,29976030.0
160.14,159.65,160.56,159.27,25184600.0,160.43,160.74,158.55,19782170.0,159.07,160.47,158.88,19376940.0
193.9,191.63,197.18,191.45,46725710.0,199.0,199.85,193.79,50991030.0,205.55,206.01,202.25,34317760.0
225.75,223.52,228.35,222.57,41411350.0,224.94,225.0,219.84,49118510.0,218.01,224.3,216.56,35644510.0
178.25,175.88,177.5,174.44,33944110.0,175.23,177.75,173.8,66454720.0,166.41,169.2,165.27,52228910.0
170.4,171.66,171.79,167.0,45968040.0,165.0,170.09,163.33,61759000.0,173.49,174.49,168.3,41678680.0
188.39,193.9,194.48,185.93,60547340.0,191.63,197.18,191.45,46725710.0,199.0,199.85,193.79,50991030.0
123.38,123.09,123.61,122.12,44371580.0,125.32,125.74,123.9,42090320.0,126.2,127.09,125.06,50832950.0
93.79,96.04,96.63,93.34,133059000.0,99.93,100.88,98.07,71937310.0,101.52,101.53,99.21,51529980.0
206.43,210.16,210.45,207.2,21162560.0,208.5,209.32,206.66,21007650.0,204.1,205.72,203.32,15957630.0
106.7,106.57,107.68,106.16,32230590.0,107.71,107.81,104.08,50901380.0,107.12,108.87,106.55,34117030.0
115.92,115.85,116.51,115.75,21081620.0,115.8,116.33,114.76,28769220.0,116.65,117.2,115.43,30555900.0
158.23,157.5,157.89,155.11,26330070.0,157.86,159.5,156.72,27391950.0,160.52,160.71,157.84,27377960.0
279.57,277.0,280.79,276.98,32081110.0,271.46,275.3,270.93,33432810.0,267.78,272.56,267.32,34437040.0
330.25,323.35,331.75,323.23,34312550.0,324.39,325.62,320.78,21890090.0,324.66,326.2,322.3,26122800.0
189.75,191.52,192.65,190.42,15009800.0,191.08,191.84,190.9,12506830.0,189.53,191.41,189.31,18000180.0
208.46,203.65,207.23,203.61,22277930.0,205.79,206.5,202.36,20929310.0,204.0,205.88,203.7,18582160.0
116.81,116.86,117.38,116.33,24100150.0,117.25,117.76,113.8,19977160.0,118.18,118.21,117.45,24308210.0
217.86,222.3,222.64,219.34,22692880.0,218.93,222.99,216.76,28802550.0,221.16,221.83,217.27,30280450.0
173.0,169.88,173.09,169.85,28976200.0,170.97,172.48,168.2,34949690.0,172.58,174.23,172.08,26750260.0
133.47,133.08,133.82,132.75,22989980.0,132.46,132.94,132.05,20046250.0,131.65,132.45,131.12,28321440.0
286.25,289.96,294.53,288.35,45765970.0,284.73,289.67,283.89,34320200.0,285.08,285.83,278.2,28001190.0
93.48,93.33,93.57,92.11,33653020.0,93.0,93.77,92.59,32895650.0,93.37,93.45,91.85,43665160.0
105.01,106.93,106.93,105.52,31416910.0,106.64,108.09,106.06,30576980.0,107.88,108.0,106.23,32340620.0
153.17,153.97,154.17,152.38,24452750.0,153.42,154.43,153.33,20118620.0,154.0,154.24,153.31,21895020.0
108.78,109.72,109.9,108.88,25763840.0,108.65,110.42,108.6,45547590.0,104.89,107.79,104.88,31154910.0
204.28,203.46,205.14,199.67,27883360.0,203.16,206.44,202.59,36547440.0,201.02,212.14,200.83,47539790.0
171.39,170.1,171.0,169.7,22224400.0,171.05,171.21,169.25,20940020.0,168.99,170.66,168.42,23793830.0
113.46,113.65,114.23,113.2,26378910.0,113.87,115.21,113.45,36792100.0,115.39,115.86,114.1,31396130.0
225.64,218.43,220.96,215.13,30352690.0,223.06,223.58,217.93,35767260.0,225.07,228.22,224.2,36187160.0
157.86,160.52,160.71,157.84,27377960.0,161.94,162.51,160.15,27607370.0,160.66,162.2,160.14,29377630.0
261.13,261.55,262.79,260.92,21847230.0,258.3,262.47,258.28,20507460.0,258.69,260.44,256.85,17520500.0
268.6,270.0,270.8,264.91,32182650.0,267.48,271.0,267.3,26547490.0,263.79,265.89,262.73,18661340.0
93.13,96.52,96.92,93.69,46315620.0,95.86,97.33,95.19,46418230.0,95.0,96.84,94.08,45870130.0
93.97,93.99,94.72,92.51,68388840.0,97.61,97.88,94.25,82107120.0,96.0,98.71,95.68,114436300.0
113.63,113.38,114.18,112.52,50278030.0,113.67,115.37,113.66,46594220.0,112.21,114.3,111.87,73991000.0
147.5,147.16,147.45,145.15,34089190.0,145.74,146.09,142.51,72187710.0,155.19,155.19,146.02,64782910.0
141.91,141.6,142.15,141.01,20320420.0,142.94,143.35,140.06,30341520.0,143.6,143.88,142.9,18904680.0
189.5,185.42,188.43,185.2,17426160.0,185.26,186.41,184.28,16543880.0,187.79,187.95,183.54,13954810.0
160.43,159.07,160.47,158.88,19376940.0,158.23,160.0,158.02,21564890.0,157.5,157.89,155.11,26330070.0
250.9,242.8,245.7,238.97,32470020.0,240.34,245.15,236.9,41483490.0,246.5,248.72,239.13,44054640.0
204.59,204.09,205.87,204.0,16947420.0,202.45,204.0,202.2,17595210.0,203.31,204.39,201.71,20191840.0
97.79,97.6,97.84,96.63,40170200.0,99.02,99.54,98.33,29139100.0,99.6,100.4,98.82,42268040.0
220.42,214.52,219.5,212.32,52902320.0,225.46,226.35,216.05,41084070.0,223.64,227.27,222.25,26656630.0
151.78,149.99,151.83,149.16,44366140.0,152.02,152.27,150.56,46575410.0,155.8,155.8,152.75,37350060.0
313.59,311.85,315.5,309.55,30480880.0,316.7,317.57,312.17,40653460.0,311.64,317.07,311.15,30521720.0
141.0,140.72,141.02,140.26,19173780.0,139.41,140.75,139.03,25676720.0,139.3,139.65,138.84,15281850.0
140.91,139.39,141.22,138.62,23531670.0,141.5,141.74,140.35,22355140.0,141.26,141.58,140.61,20299310.0
99.02,99.25,99.87,98.96,22378380.0,97.99,101.89,97.55,23265200.0,97.79,98.27,97.45,28487570.0
148.7,144.53,148.55,143.8,57423650.0,143.98,145.72,142.0,91106840.0,154.89,158.85,154.23,35637070.0
180.0,175.49,179.12,175.35,31123000.0,170.32,173.07,169.5,23985960.0,173.87,174.44,172.02,24755470.0
144.45,144.71,145.13,142.28,31450520.0,144.49,146.11,143.16,22052920.0,145.01,146.16,143.62,24725210.0
120.96,121.11,121.81,120.62,33009110.0,121.85,122.69,120.18,39483400.0,123.13,123.82,121.62,44829060.0
194.99,194.61,195.96,193.61,19005150.0,193.06,194.85,192.43,16553500.0,192.45,193.66,192.05,18680930.0
207.86,205.86,207.19,205.06,26066130.0,209.43,212.05,201.0,46882840.0,213.19,214.44,210.75,22267820.0
156.91,156.29,157.42,156.2,17633730.0,156.89,157.69,155.5,21888930.0,156.61,157.75,155.96,23907540.0
171.0,170.1,170.78,169.71,21477380.0,170.8,171.47,169.68,33113340.0,174.68,175.42,174.5,16339690.0
234.9,232.95,237.64,232.31,41990210.0,227.93,230.44,227.3,28962980.0,227.03,227.79,225.64,19029420.0
105.47,106.48,107.07,105.9,25686350.0,105.25,107.29,105.21,32345430.0,105.93,107.65,105.14,35454230.0
199.46,198.58,199.85,198.01,17524150.0,199.2,200.14,196.21,27738580.0,200.85,201.0,198.44,20543190.0
284.69,280.53,284.25,280.37,24677880.0,282.23,282.65,278.56,69032740.0,279.5,281.18,278.95,24626950.0
351.34,354.64,356.56,345.15,66118950.0,351.41,353.45,349.22,24205100.0,355.15,355.4,351.09,28601630.0
156.25,155.79,156.33,153.66,26147280.0,155.48,158.13,154.32,33508960.0,154.11,154.48,151.74,25418110.0
97.41,97.17,97.7,97.12,24129530.0,96.75,97.65,96.73,23317990.0,96.49,96.89,96.05,28877500.0
216.6,214.65,217.05,214.6,18505780.0,214.1,216.36,213.84,18965930.0,216.8,217.19,214.03,25682700.0
117.64,115.76,117.49,115.5,46559730.0,114.92,115.05,113.32,27584020.0,111.38,114.24,111.0,37979570.0
122.6,122.32,122.57,121.71,33400950.0,123.15,123.5,122.27,36912040.0,123.38,123.91,122.55,33570380.0
144.53,143.98,145.72,142.0,91106840.0,154.89,158.85,154.23,35637070.0,158.53,159.36,156.48,34499390.0
110.27,113.76,114.02,109.77,84757780.0,111.65,112.56,110.32,54507300.0,108.97,110.45,108.51,49904460.0
150.85,152.88,153.7,151.51,26924630.0,152.5,153.97,150.86,35661200.0,151.29,154.53,149.63,45034370.0
159.32,156.6,158.57,156.07,26208970.0,159.9,160.0,154.63,39636190.0,159.26,161.27,159.11,26060430.0
183.9,182.25,183.3,180.92,30929740.0,180.0,182.67,179.37,32416800.0,175.49,179.12,175.35,31123000.0
99.44,99.68,100.73,98.64,56293490.0,98.67,99.74,98.11,38258300.0,97.22,98.09,96.84,35074380.0
104.81,106.05,106.07,104.0,33770220.0,104.41,106.15,104.41,38018910.0,104.19,104.55,103.68,27697970.0
129.08,127.74,128.57,127.35,35987630.0,125.72,127.15,125.58,33559770.0,126.04,126.37,125.04,31695870.0
108.58,106.96,109.43,106.86,30912260.0,107.59,107.69,106.18,26639930.0,109.0,109.0,107.95,13596680.0
116.8,116.74,117.5,116.68,21337310.0,115.8,117.38,115.75,27756760.0,116.47,116.5,115.65,44284660.0
147.17,145.13,147.16,145.11,35421310.0,145.77,146.7,145.12,19082170.0,145.52,146.07,144.61,21247590.0
121.99,132.85,132.92,130.32,73006780.0,130.97,132.97,130.7,55204920.0,129.08,129.62,128.31,45970470.0
212.0,208.39,209.48,207.32,19216820.0,206.43,206.98,204.22,20059570.0,210.16,210.45,207.2,21162560.0
323.5,315.77,319.23,315.35,20450750.0,318.66,320.89,315.87,25672210.0,316.68,319.52,316.2,27876220.0
166.11,163.25,166.15,160.23,60800480.0,156.25,158.13,154.11,39914850.0,155.79,156.33,153.66,26147280.0
173.87,174.67,175.49,173.94,20755140.0,175.94,176.0,174.54,19238480.0,175.69,177.75,173.97,27413060.0
263.68,263.75,264.88,262.1,22395560.0,261.13,264.78,261.07,25817590.0,261.55,262.79,260.92,21847230.0
155.02,153.9,155.81,153.78,26591850.0,154.34,154.45,153.46,25277680.0,153.58,155.45,152.89,27715140.0
95.0,95.42,96.04,94.28,37190500.0,96.47,96.71,95.4,40814360.0,94.79,97.34,94.35,64332440.0
174.17,174.87,175.42,173.25,23451420.0,175.03,175.39,174.09,27393660.0,174.88,177.2,174.86,29385650.0
186.12,187.25,188.35,184.94,25649240.0,186.35,187.2,185.73,20490090.0,185.14,186.33,183.45,33538550.0
172.05,172.36,174.82,171.77,40113790.0,169.79,173.09,169.0,50908540.0,163.05,167.54,162.88,40382890.0
113.69,113.0,113.18,112.34,24587490.0,111.64,113.39,111.55,29800240.0,114.42,114.79,111.55,52411070.0
184.1,185.23,187.28,184.03,24987260.0,182.99,186.53,182.54,24378480.0,183.4,184.92,180.73,31632320.0
178.54,179.26,180.62,178.05,37568080.0,179.1,180.48,178.16,38885510.0,176.35,179.39,176.21,37353670.0
158.6,157.06,158.92,156.67,21827400.0,156.07,157.4,155.69,20514810.0,157.05,157.21,155.02,26604140.0
154.2,153.08,155.88,153.0,30483120.0,150.27,153.39,150.05,28449940.0,150.85,151.27,149.22,32018540.0
131.65,131.35,132.22,131.22,22941650.0,130.54,132.09,130.45,38158410.0,129.13,130.5,128.9,26784530.0
205.97,201.92,204.72,201.69,31774720.0,204.3,204.39,198.17,66072170.0,209.55,213.65,205.43,91046560.0
204.9,206.83,207.76,205.12,18463850.0,207.36,208.48,207.05,17427570.0,204.43,207.75,203.9,23286380.0
111.62,110.8,112.34,110.8,32771760.0,109.34,110.5,108.66,27150570.0,108.97,110.61,108.83,29357940.0
185.23,182.99,186.53,182.54,24378480.0,183.4,184.92,180.73,31632320.0,186.12,186.15,184.7,27185130.0
267.48,263.79,265.89,262.73,18661340.0,261.07,263.31,260.68,16810390.0,258.31,259.53,256.29,29377270.0
113.76,111.65,112.56,110.32,54507300.0,108.97,110.45,108.51,49904460.0,112.49,112.78,110.04,53142590.0
109.88,108.01,111.01,107.55,57774940.0,109.07,109.62,107.31,63849470.0,110.17,111.54,108.73,66300930.0
191.55,192.42,192.88,190.44,21480120.0,191.39,192.61,191.15,16859020.0,191.35,191.97,190.21,18069930.0
152.45,153.63,153.94,152.11,25779060.0,153.87,154.88,153.45,38907940.0,149.03,153.7,149.03,48670440.0
119.11,118.9,119.3,118.21,27057550.0,118.74,119.93,118.6,27453130.0,118.77,119.38,118.3,24432660.0
111.38,115.2,115.57,112.27,45555300.0,116.26,116.82,115.65,32461350.0,116.37,117.42,115.21,45179400.0
153.58,153.17,153.33,152.22,16383610.0,153.97,154.17,152.38,24452750.0,153.42,154.43,153.33,20118620.0
209.98,205.97,210.06,204.13,33291640.0,201.92,204.72,201.69,31774720.0,204.3,204.39,198.17,66072170.0
154.9,154.0,154.58,152.91,22930630.0,153.38,153.98,152.63,26892850.0,151.27,153.34,151.13,33520150.0
156.73,156.35,157.37,155.73,16380570.0,155.97,156.98,155.75,16861450.0,156.06,158.0,155.1,15603520.0
117.52,116.52,117.8,116.49,18131970.0,115.59,116.52,115.59,14244050.0,116.35,116.51,115.64,26043820.0
93.79,95.92,96.35,94.1,42288790.0,94.29,95.94,93.93,44282560.0,93.13,95.7,93.04,53920550.0
107.78,108.52,108.93,107.85,27460070.0,108.71,108.9,107.76,23839880.0,108.23,108.94,108.01,26296260.0
150.48,149.2,150.13,148.67,17837130.0,148.82,150.9,148.57,23765710.0,147.97,149.33,147.33,20117070.0
141.6,142.94,143.35,140.06,30341520.0,143.6,143.88,142.9,18904680.0,143.73,144.18,143.27,16658660.0
102.65,104.64,105.72,103.13,46461610.0,107.25,107.27,105.24,52955310.0,107.83,108.76,107.07,42250480.0
114.58,115.97,116.5,114.12,52828890.0,112.95,117.44,112.1,99202400.0,117.42,117.7,113.25,123601900.0
121.85,123.13,123.82,121.62,44829060.0,120.79,123.49,120.7,45479260.0,119.87,121.36,119.61,32152870.0
289.96,284.73,289.67,283.89,34320200.0,285.08,285.83,278.2,28001190.0,281.8,284.54,279.95,29271890.0
156.29,156.89,157.69,155.5,21888930.0,156.61,157.75,155.96,23907540.0,156.75,157.08,155.02,42357420.0
268.81,268.6,270.07,265.86,22632380.0,270.0,270.8,264.91,32182650.0,267.48,271.0,267.3,26547490.0
159.87,162.61,163.96,158.77,71574560.0,160.5,162.05,159.89,31506890.0,160.86,161.15,158.53,28411740.0
108.65,104.89,107.79,104.88,31154910.0,106.0,106.19,105.06,19354440.0,105.47,106.25,104.89,25568350.0
232.95,227.93,230.44,227.3,28962980.0,227.03,227.79,225.64,19029420.0,225.82,228.06,224.33,29282700.0
312.15,317.83,319.69,310.91,40575260.0,308.1,317.05,307.24,36486560.0,305.64,310.35,304.29,33511990.0
161.95,158.5,163.89,157.51,60774900.0,157.07,157.89,150.24,70583530.0,160.29,161.0,155.03,54145930.0
194.14,193.63,194.08,191.92,20912820.0,193.07,193.94,192.36,21535570.0,191.64,193.42,191.35,26190620.0
159.51,160.11,160.5,158.0,28157630.0,158.47,160.97,158.0,48846060.0,158.99,159.4,158.09,23637310.0
317.83,308.1,317.05,307.24,36486560.0,305.64,310.35,304.29,33511990.0,303.22,305.17,301.97,28803760.0
110.78,111.43,112.47,111.39,27054320.0,111.13,111.87,110.95,11475920.0,111.36,111.51,110.33,27420550.0
119.87,120.99,121.22,119.45,49305220.0,118.7,120.69,118.27,51106100.0,116.93,119.3,116.06,85436210.0
207.7,207.36,209.1,206.67,24592460.0,207.28,209.78,207.2,23389530.0,206.05,207.81,204.52,22493750.0
354.64,351.41,353.45,349.22,24205100.0,355.15,355.4,351.09,28601630.0,351.46,353.2,344.72,41357180.0
173.71,174.16,175.87,173.95,21846400.0,171.58,173.0,171.38,18890250.0,171.8,172.37,170.3,17154540.0
116.04,114.32,116.31,114.01,42876370.0,116.04,116.4,114.54,48407640.0,112.53,115.42,109.63,101593400.0
188.35,185.8,188.39,185.79,26148590.0,184.85,187.33,183.74,39017490.0,183.9,184.1,182.56,23527660.0
174.66,173.91,175.25,173.6,24332120.0,172.37,174.99,171.72,34770480.0,174.0,174.26,171.12,59332210.0
175.69,174.28,175.15,172.89,25737560.0,174.32,174.91,172.92,27953810.0,173.21,175.0,172.73,27817640.0
111.07,111.94,112.8,110.35,53168580.0,112.18,112.68,109.79,64678220.0,115.19,115.39,112.85,46810020.0
216.82,220.78,221.36,217.29,95584080.0,220.24,222.28,219.15,26388050.0,218.5,219.62,215.3,26869880.0
208.89,207.67,209.15,207.17,14991570.0,208.46,208.91,207.29,18355210.0,203.65,207.23,203.61,22277930.0
213.9,216.42,221.37,211.3,69281360.0,208.76,210.16,207.31,33935720.0,208.46,210.64,208.44,21673390.0
209.88,203.06,203.4,199.11,45751160.0,204.4,205.97,203.86,22010360.0,204.9,205.0,202.12,18612770.0
218.5,217.79,221.85,217.12,31495630.0,222.15,222.95,217.27,36810120.0,225.75,226.84,222.52,31801970.0
323.6,314.18,321.55,313.85,27337220.0,322.37,323.4,318.0,29421010.0,322.57,325.22,320.26,26356390.0
149.2,148.82,150.9,148.57,23765710.0,147.97,149.33,147.33,20117070.0,145.5,148.49,145.44,25080500.0
174.65,172.86,175.08,172.35,36054570.0,167.41,171.66,167.28,31384720.0,166.96,168.98,165.93,32644590.0
175.11,174.66,176.24,174.33,24358920.0,173.91,175.25,173.6,24332120.0,172.37,174.99,171.72,34770480.0
156.35,155.97,156.98,155.75,16861450.0,156.06,158.0,155.1,15603520.0,155.81,156.73,155.49,16243080.0
187.19,188.0,188.91,186.36,17014490.0,186.07,188.46,186.0,19046600.0,186.78,187.07,185.1,23639070.0
95.86,95.0,96.84,94.08,45870130.0,95.42,96.04,94.28,37190500.0,96.47,96.71,95.4,40814360.0
214.52,225.46,226.35,216.05,41084070.0,223.64,227.27,222.25,26656630.0,222.21,224.8,220.2,28784550.0
175.23,166.41,169.2,165.27,52228910.0,162.13,167.26,161.84,41976500.0,164.0,164.33,160.63,35617230.0
173.41,172.23,173.92,171.7,22401040.0,173.0,174.0,171.53,28567110.0,169.88,173.09,169.85,28976200.0
279.5,279.8,281.9,279.12,29024690.0,279.57,281.77,278.8,28575800.0,277.0,280.79,276.98,32081110.0
115.59,116.35,116.51,115.64,26043820.0,116.8,117.4,116.78,23724430.0,116.74,117.5,116.68,21337310.0
191.78,189.75,191.87,189.2,15515000.0,191.52,192.65,190.42,15009800.0,191.08,191.84,190.9,12506830.0
160.66,159.32,160.21,158.75,22074760.0,156.6,158.57,156.07,26208970.0,159.9,160.0,154.63,39636190.0
186.35,188.38,188.88,186.78,15228270.0,188.0,189.27,186.91,18383080.0,187.19,187.81,186.13,18083080.0
169.71,171.25,171.7,169.75,24603320.0,169.71,171.26,169.38,21785180.0,171.39,172.48,169.92,22389660.0
198.68,200.32,202.85,199.23,35738280.0,196.42,200.23,196.34,25829880.0,196.45,197.1,195.93,18473070.0
168.39,170.0,172.68,168.6,41335980.0,175.04,175.09,171.26,36387880.0,175.24,176.8,174.94,19620520.0
351.41,355.15,355.4,351.09,28601630.0,351.46,353.2,344.72,41357180.0,333.25,345.68,332.58,34702230.0
117.35,117.7,118.69,116.2,63963010.0,115.02,116.75,114.72,36087910.0,114.31,114.56,113.51,24336440.0
156.89,156.61,157.75,155.96,23907540.0,156.75,157.08,155.02,42357420.0,160.42,160.71,159.6,16252850.0
316.14,323.5,324.24,316.5,31380450.0,315.77,319.23,315.35,20450750.0,318.66,320.89,315.87,25672210.0
108.14,107.78,108.44,107.78,18648700.0,108.52,108.93,107.85,27460070.0,108.71,108.9,107.76,23839880.0
113.16,113.69,114.64,113.43,29608390.0,113.0,113.18,112.34,24587490.0,111.64,113.39,111.55,29800240.0
186.27,186.41,189.7,185.41,36529680.0,187.71,189.48,182.85,57430620.0,197.42,198.85,192.77,41208710.0
123.09,125.32,125.74,123.9,42090320.0,126.2,127.09,125.06,50832950.0,121.99,125.5,121.99,115288400.0
153.87,149.03,153.7,149.03,48670440.0,146.76,148.98,146.76,27254850.0,146.52,147.14,145.81,23345970.0
256.77,257.05,258.19,256.32,19974430.0,257.33,257.85,255.38,25817950.0,249.54,255.93,249.16,37781330.0
221.06,219.96,220.82,219.12,18386470.0,217.73,220.13,217.56,21158140.0,220.0,220.79,217.02,39763300.0
364.0,351.34,359.46,351.15,33861320.0,354.64,356.56,345.15,66118950.0,351.41,353.45,349.22,24205100.0
118.29,119.21,119.23,117.92,21341960.0,117.33,119.35,117.12,42747950.0,119.27,119.73,117.34,32445680.0
307.24,297.16,304.44,297.16,33090950.0,299.84,300.9,297.48,27877660.0,293.79,299.96,292.75,29644640.0
172.48,169.95,171.67,168.5,39735110.0,170.43,172.14,168.44,41484540.0,172.63,172.92,167.16,41459120.0
109.95,110.23,110.98,109.2,26178840.0,109.51,110.73,109.42,26560420.0,110.42,112.19,110.27,37322930.0
170.32,173.87,174.44,172.02,24755470.0,174.67,175.49,173.94,20755140.0,175.94,176.0,174.54,19238480.0
186.51,183.08,185.47,182.15,22526310.0,184.28,184.99,181.14,29773430.0,175.44,179.83,174.52,30967960.0
225.07,220.9,224.58,220.79,26318580.0,220.54,220.96,217.28,25361290.0,220.0,220.94,218.83,19088310.0
116.9,120.96,121.81,120.05,33829290.0,121.11,121.81,120.62,33009110.0,121.85,122.69,120.18,39483400.0
160.1,160.14,162.0,159.93,25649890.0,159.65,160.56,159.27,25184600.0,160.43,160.74,158.55,19782170.0
93.97,92.9,93.66,92.14,40387960.0,93.0,93.05,91.5,45595680.0,92.91,94.66,92.65,75219710.0
175.04,175.24,176.8,174.94,19620520.0,177.32,177.47,173.66,32931110.0,178.65,179.12,177.62,38313330.0
111.74,110.63,111.74,109.77,48702200.0,109.88,111.37,109.07,52033100.0,108.01,111.01,107.55,57774940.0
149.99,151.5,151.74,150.19,17170490.0,150.48,151.42,149.95,20859830.0,149.2,150.13,148.67,17837130.0
167.81,167.25,170.02,165.19,41464880.0,173.68,175.15,166.92,39824200.0,168.07,173.1,166.44,36778560.0
143.25,143.71,144.12,143.05,19970040.0,143.72,144.27,143.01,19576480.0,144.19,144.5,143.5,21189000.0
117.1,116.81,116.91,116.28,22527690.0,116.86,117.38,116.33,24100150.0,117.25,117.76,113.8,19977160.0
116.55,117.05,118.11,116.08,33316990.0,118.75,118.81,116.86,34806250.0,117.99,119.41,117.75,38063130.0
143.5,142.44,142.68,141.85,17290900.0,141.22,142.92,141.16,23294040.0,141.88,142.0,140.45,17302160.0
116.26,116.37,117.42,115.21,45179400.0,116.9,118.07,116.06,59029400.0,120.96,121.81,120.05,33829290.0
190.68,191.78,192.43,190.17,20670830.0,189.69,192.55,189.69,20182050.0,191.78,191.8,189.93,16365720.0
172.0,174.51,174.95,170.53,41438280.0,177.25,177.3,173.2,51368540.0,177.3,179.44,176.82,32395870.0
195.34,190.02,196.33,189.81,50943120.0,186.23,189.49,184.73,31003380.0,188.35,188.99,185.92,31440300.0
227.03,225.82,228.06,224.33,29282700.0,226.27,229.93,225.84,30889270.0,225.64,227.49,223.89,34755550.0
159.9,159.26,161.27,159.11,26060430.0,158.6,161.83,158.27,36127490.0,157.06,158.92,156.67,21827400.0
299.84,293.79,299.96,292.75,29644640.0,297.15,300.58,296.5,36633880.0,296.24,300.6,295.19,33911860.0
173.49,171.76,174.78,170.42,42704910.0,180.95,182.39,176.27,41141250.0,184.46,184.94,181.21,40537700.0
190.3,191.9,192.2,189.07,20912890.0,194.99,195.19,190.1,23975350.0,194.61,195.96,193.61,19005150.0
109.17,110.37,110.94,109.03,37034520.0,111.6,112.2,110.27,36151450.0,110.78,112.03,110.07,28507780.0
171.19,169.71,171.44,169.49,18958570.0,171.25,171.7,169.75,24603320.0,169.71,171.26,169.38,21785180.0
96.25,94.94,96.35,94.68,35407050.0,96.0,96.57,95.03,34355970.0,96.62,96.65,95.3,60793260.0
280.0,268.31,273.7,265.83,32755730.0,268.7,270.07,264.7,40529120.0,262.74,267.37,261.23,42223820.0
115.93,116.58,116.89,114.86,58279570.0,111.79,114.21,111.76,49793750.0,110.27,113.28,109.9,62800770.0
194.7,193.95,195.97,193.39,18253190.0,194.86,196.0,193.6,26932880.0,191.81,195.37,191.62,26220850.0
196.05,192.9,194.96,192.17,14669140.0,191.55,193.59,190.3,18761470.0,194.7,196.79,193.6,21674630.0
170.1,171.05,171.21,169.25,20940020.0,168.99,170.66,168.42,23793830.0,172.4,173.94,170.34,31644240.0
297.15,296.24,300.6,295.19,33911860.0,289.93,293.68,289.52,25247630.0,289.46,292.69,285.22,36059610.0
185.14,187.88,189.22,187.2,18458410.0,190.03,190.16,188.26,61438290.0,191.55,191.57,190.22,21584720.0
201.85,199.2,201.51,198.81,20578020.0,200.81,201.4,198.41,25338630.0,203.35,205.08,202.9,17265520.0
170.49,169.03,170.44,168.91,25656110.0,167.5,170.2,166.46,28397810.0,169.06,171.52,168.4,27315530.0
208.46,207.48,209.73,207.14,17618870.0,208.89,209.24,206.73,13909560.0,207.67,209.15,207.17,14991570.0
318.58,317.19,319.02,316.0,27710810.0,316.27,318.74,315.0,34454120.0,313.59,315.7,312.09,27207250.0
324.19,321.47,327.22,321.47,28432570.0,323.6,323.9,318.71,23580780.0,314.18,321.55,313.85,27337220.0
323.35,324.39,325.62,320.78,21890090.0,324.66,326.2,322.3,26122800.0,320.75,323.44,318.93,21910700.0
174.78,173.41,175.0,173.04,22858840.0,172.23,173.92,171.7,22401040.0,173.0,174.0,171.53,28567110.0
99.68,98.67,99.74,98.11,38258300.0,97.22,98.09,96.84,35074380.0,95.87,97.19,95.67,37977020.0
100.55,98.97,99.06,97.34,49687870.0,98.55,99.11,96.76,70722000.0,98.68,100.13,96.43,80742460.0
220.9,220.54,220.96,217.28,25361290.0,220.0,220.94,218.83,19088310.0,218.55,221.5,217.14,22481010.0
157.06,156.07,157.4,155.69,20514810.0,157.05,157.21,155.02,26604140.0,159.28,159.75,156.16,69726440.0
154.97,154.18,155.44,154.05,21215870.0,153.63,153.86,152.46,20088940.0,154.01,155.09,153.91,16216800.0
110.08,108.53,110.25,108.11,30790930.0,110.98,111.46,109.55,26538700.0,111.4,112.35,111.23,28174980.0
115.04,113.84,115.92,113.75,43293350.0,113.29,115.0,112.49,26176690.0,112.31,114.7,112.31,34324350.0
94.87,110.43,111.9,105.65,127246600.0,114.08,114.35,111.63,68176940.0,116.1,116.52,114.68,48079330.0
94.2,93.97,94.08,92.4,47844490.0,93.99,94.72,92.51,68388840.0,97.61,97.88,94.25,82107120.0
115.97,112.95,117.44,112.1,99202400.0,117.42,117.7,113.25,123601900.0,121.5,122.57,117.52,69639900.0
158.53,157.5,158.52,154.55,41740600.0,155.84,156.77,150.07,51608850.0,148.3,157.23,146.72,58133850.0
213.44,211.75,213.81,211.47,27595310.0,209.22,210.74,208.33,28595230.0,210.16,210.56,208.26,20679270.0
109.26,109.5,110.36,109.19,26160560.0,110.0,110.03,108.25,34113880.0,109.17,110.09,108.85,26481320.0
154.26,153.21,154.13,152.0,26204670.0,153.89,154.28,152.7,21983410.0,153.8,154.72,153.54,25402270.0
170.6,174.95,175.39,172.66,34693280.0,177.81,178.82,176.88,20544600.0,176.49,178.94,176.41,26575010.0
183.08,184.28,184.99,181.14,29773430.0,175.44,179.83,174.52,30967960.0,175.6,177.92,170.27,40396070.0
117.05,118.75,118.81,116.86,34806250.0,117.99,119.41,117.75,38063130.0,118.29,118.41,117.6,13046450.0
116.25,115.93,116.53,114.42,43218350.0,116.58,116.89,114.86,58279570.0,111.79,114.21,111.76,49793750.0
174.95,177.81,178.82,176.88,20544600.0,176.49,178.94,176.41,26575010.0,175.03,176.19,174.83,21561320.0
258.31,267.27,268.25,263.45,23693550.0,266.6,268.0,265.9,11654360.0,265.58,267.98,265.31,16386120.0
226.51,223.25,228.26,222.4,48696960.0,220.15,223.49,219.41,27074260.0,219.01,220.54,218.92,22751390.0
148.3,148.15,151.55,146.59,37169230.0,156.86,158.16,149.63,95497900.0,160.4,162.11,155.3,64398230.0
190.5,188.39,191.97,186.9,46271660.0,193.9,194.48,185.93,60547340.0,191.63,197.18,191.45,46725710.0
112.18,115.19,115.39,112.85,46810020.0,116.04,116.94,115.51,29158640.0,117.64,117.69,115.08,46301930.0
156.6,159.9,160.0,154.63,39636190.0,159.26,161.27,159.11,26060430.0,158.6,161.83,158.27,36127490.0
247.39,239.77,250.0,237.12,75058410.0,247.51,257.61,238.4,81013970.0,241.95,259.08,240.0,80605870.0
255.94,277.39,281.22,271.86,64094970.0,277.14,286.44,269.37,71322520.0,263.75,278.09,263.0,71686210.0
104.41,104.19,104.55,103.68,27697970.0,102.83,104.45,102.82,38771840.0,104.27,104.35,102.75,92143920.0
115.85,115.8,116.33,114.76,28769220.0,116.65,117.2,115.43,30555900.0,116.45,117.11,116.4,14979680.0
222.21,227.96,228.41,220.58,33507770.0,230.78,232.35,226.73,31961120.0,230.05,233.47,229.78,28540490.0
150.27,150.85,151.27,149.22,32018540.0,152.88,153.7,151.51,26924630.0,152.5,153.97,150.86,35661200.0
175.1,173.36,175.0,173.05,25558680.0,170.78,173.7,170.78,25047130.0,170.29,170.56,169.56,16041550.0
104.61,103.96,105.18,103.85,40026250.0,101.91,102.91,101.78,25058280.0,102.24,102.28,101.5,27368840.0
109.0,107.27,108.85,107.2,32618140.0,107.4,107.72,106.45,32728460.0,107.28,107.37,105.57,47507230.0
320.54,324.45,327.85,321.38,54149930.0,312.6,318.4,312.19,40558490.0,310.06,311.77,304.88,40485010.0
169.03,167.5,170.2,166.46,28397810.0,169.06,171.52,168.4,27315530.0,172.48,172.62,169.63,32512580.0
316.77,316.14,318.71,313.09,28236270.0,323.5,324.24,316.5,31380450.0,315.77,319.23,315.35,20450750.0
364.41,360.7,365.0,357.57,34380630.0,365.0,368.79,358.52,48155850.0,364.0,372.38,362.27,53038870.0
170.97,172.58,174.23,172.08,26750260.0,164.88,172.01,164.77,34581850.0,167.64,168.75,164.88,30237640.0
145.13,145.77,146.7,145.12,19082170.0,145.52,146.07,144.61,21247590.0,146.87,146.87,144.94,24877950.0
220.24,218.5,219.62,215.3,26869880.0,217.79,221.85,217.12,31495630.0,222.15,222.95,217.27,36810120.0
191.51,195.34,197.69,190.78,42287640.0,190.02,196.33,189.81,50943120.0,186.23,189.49,184.73,31003380.0
172.8,178.54,179.78,172.66,48706170.0,179.26,180.62,178.05,37568080.0,179.1,180.48,178.16,38885510.0
201.3,200.2,203.53,199.39,27009520.0,195.41,199.56,193.82,33364400.0,196.31,198.07,194.04,35824790.0
175.44,175.6,177.92,170.27,40396070.0,176.23,177.99,174.99,27043580.0,177.95,179.23,176.67,21218410.0
351.46,333.25,345.68,332.58,34702230.0,344.72,347.8,334.22,50036510.0,349.31,351.06,335.48,50415610.0
284.73,285.08,285.83,278.2,28001190.0,281.8,284.54,279.95,29271890.0,277.2,283.01,277.0,31627180.0
107.9,107.7,108.0,106.82,26393770.0,106.14,106.8,105.62,26675250.0,105.66,106.57,105.64,31639010.0
